Event_ID,Energy_eV
0,2.0081672527678388e+16
1,1.0001017489821844e+18
2,1.000459755467612e+18
3,1.0006223574595918e+18
4,1.0008026003746044e+18
5,1.0008668843801911e+18
6,1.0012053999210491e+18
7,1.0015574794142698e+18
8,1.001577078094536e+18
9,1.0017436879066097e+18
10,1.00177402511586e+18
11,1.001853348440517e+18
12,1.0018909822295576e+18
13,1.0020168743247615e+18
14,1.0021148814223506e+18
15,1.0021783711843519e+18
16,1.0033582318838879e+18
17,1.0035870673859968e+18
18,1.003696216294571e+18
19,1.0045995521993956e+18
20,1.0048400990573796e+18
21,1.0049901655742673e+18
22,1.0057673386505889e+18
23,1.0059335904107008e+18
24,1.0064922318266492e+18
25,1.0065024078154408e+18
26,1.006655742274024e+18
27,1.0077107885621037e+18
28,1.0084242403982156e+18
29,1.0085305993389175e+18
30,1.0086710052649764e+18
31,1.0088101762474857e+18
32,1.0089367854282998e+18
33,1.0091184761644279e+18
34,1.0098761410719848e+18
35,1.0099042267912381e+18
36,1.0102228796100938e+18
37,1.0103002361114501e+18
38,1.0106916136672115e+18
39,1.0110629459148988e+18
40,1.0113959983353368e+18
41,1.0114336741567982e+18
42,1.011520278012191e+18
43,1.0120997983428417e+18
44,1.0124115372968406e+18
45,1.0124342126524215e+18
46,1.012436700266393e+18
47,1.0126589148225252e+18
48,1.0134830753626482e+18
49,1.0137967733584001e+18
50,1.0141711633526305e+18
51,1.0147907820644617e+18
52,1.0148370519981268e+18
53,1.0148449463723365e+18
54,1.0151899407197193e+18
55,1.0153666397610299e+18
56,1.0154195608717409e+18
57,1.0156636211901443e+18
58,1.0165609481407351e+18
59,1.0168676848601018e+18
60,1.0169503138650848e+18
61,1.017213487414243e+18
62,1.0182717089446523e+18
63,1.0187496722094842e+18
64,1.0188744588623028e+18
65,1.0196459611581146e+18
66,1.0199430539600256e+18
67,1.0204825209562423e+18
68,1.02089110581452e+18
69,1.0211182810435662e+18
70,1.0214570146495247e+18
71,1.021675340961294e+18
72,1.0217153374906467e+18
73,1.0217215142367753e+18
74,1.0219004686716662e+18
75,1.0221959875333449e+18
76,1.0226512453553152e+18
77,1.0227842537190228e+18
78,1.0231233747221736e+18
79,1.0233756699298225e+18
80,1.0240076825022648e+18
81,1.024066753212699e+18
82,1.0243264606666844e+18
83,1.0261592292212595e+18
84,1.0265620546600276e+18
85,1.0272909310670779e+18
86,1.0279402889934235e+18
87,1.0280993333145647e+18
88,1.0282756612747564e+18
89,1.028401536374673e+18
90,1.0292200665853715e+18
91,1.0292958886032127e+18
92,1.0296525097705041e+18
93,1.0297293002876524e+18
94,1.0301705324307702e+18
95,1.0305013913938036e+18
96,1.0305835439979594e+18
97,1.0306980011770399e+18
98,1.031098163954645e+18
99,1.031424420247681e+18
100,1.0318067622112928e+18
101,1.0318786552105257e+18
102,1.0321191204032428e+18
103,1.0325105698109906e+18
104,1.0329278752521555e+18
105,1.0332859747532801e+18
106,1.0342126838620241e+18
107,1.0343979043775695e+18
108,1.0346047547114017e+18
109,1.0360100247552196e+18
110,1.0361891067487724e+18
111,1.0364151854373951e+18
112,1.0368418592243988e+18
113,1.0368565119779296e+18
114,1.0371146353982519e+18
115,1.0371576056497989e+18
116,1.0372990370782394e+18
117,1.037444498561981e+18
118,1.0374604545509708e+18
119,1.0377652580774331e+18
120,1.03813554319668e+18
121,1.0381631208691046e+18
122,1.0389627721351849e+18
123,1.0392428550877062e+18
124,1.0393914109172666e+18
125,1.0398757816959588e+18
126,1.039991030645056e+18
127,1.0406480131069528e+18
128,1.0419174136571325e+18
129,1.0419306019735348e+18
130,1.042036798574878e+18
131,1.0422464025953389e+18
132,1.0423144404084493e+18
133,1.0425455612491694e+18
134,1.0426483688583727e+18
135,1.0428167157006556e+18
136,1.044908530820277e+18
137,1.045188188368809e+18
138,1.0454039768047063e+18
139,1.0456470193609311e+18
140,1.0458284930215885e+18
141,1.0459236236942984e+18
142,1.0459286735017519e+18
143,1.0462669086572127e+18
144,1.0463734756563876e+18
145,1.0463798855224477e+18
146,1.046513219408922e+18
147,1.0465694904694867e+18
148,1.0467129733044227e+18
149,1.0467877687996421e+18
150,1.0468119237315244e+18
151,1.046947672342007e+18
152,1.04694970685803e+18
153,1.0474045694904681e+18
154,1.047668556717412e+18
155,1.0476944053276099e+18
156,1.0477315394947104e+18
157,1.0484000020718523e+18
158,1.0484917618097856e+18
159,1.0489440830796348e+18
160,1.049136874147717e+18
161,1.0494057567978925e+18
162,1.0496913887312476e+18
163,1.0497108448592168e+18
164,1.0502434299827382e+18
165,1.0503094146464096e+18
166,1.050909043134718e+18
167,1.0510825770601271e+18
168,1.051957431827476e+18
169,1.052172459062931e+18
170,1.0525892432371533e+18
171,1.0529270139004005e+18
172,1.053588640210011e+18
173,1.0535989036547118e+18
174,1.0539453475089618e+18
175,1.0542982352213761e+18
176,1.0551800860070703e+18
177,1.0554772633153828e+18
178,1.0558405111850872e+18
179,1.0558580156411265e+18
180,1.0563011839383081e+18
181,1.0563535404483748e+18
182,1.0571487772285211e+18
183,1.0573677562173463e+18
184,1.0576098885323412e+18
185,1.0585982929887429e+18
186,1.0589331783884421e+18
187,1.0589708040905974e+18
188,1.0597072215034702e+18
189,1.059859056272365e+18
190,1.0602638815347126e+18
191,1.0604574982928379e+18
192,1.0607694602779794e+18
193,1.0608204607815726e+18
194,1.0608224677133455e+18
195,1.0617419818842222e+18
196,1.061832495814198e+18
197,1.0625109980379597e+18
198,1.0627471772164838e+18
199,1.0628259599318383e+18
200,1.0631989126540575e+18
201,1.0634228629144244e+18
202,1.063427854834571e+18
203,1.0636298672214401e+18
204,1.0642774612617751e+18
205,1.0648194099902231e+18
206,1.0648629790710518e+18
207,1.065111688984091e+18
208,1.067074391081279e+18
209,1.067249375578057e+18
210,1.0673869173969677e+18
211,1.0677220149757572e+18
212,1.0680266194858203e+18
213,1.0680652729191716e+18
214,1.0686644960867535e+18
215,1.069040644402321e+18
216,1.0698842329961032e+18
217,1.0701815605600508e+18
218,1.0710154552930019e+18
219,1.071025311263105e+18
220,1.0711555441921375e+18
221,1.0722058583076681e+18
222,1.0723157955581324e+18
223,1.0723235784235059e+18
224,1.0727226124604339e+18
225,1.0731502257719512e+18
226,1.0734106882590519e+18
227,1.0734790422496672e+18
228,1.0746117752387479e+18
229,1.074820265660378e+18
230,1.0755858883240433e+18
231,1.0755953572626122e+18
232,1.0756303523059432e+18
233,1.0757326239132328e+18
234,1.0758968452978317e+18
235,1.0761185527774391e+18
236,1.0765550399946618e+18
237,1.077061711369284e+18
238,1.0772151879099096e+18
239,1.0774437757422619e+18
240,1.0779223896927708e+18
241,1.0783566603660155e+18
242,1.0785214005627231e+18
243,1.0789586411147041e+18
244,1.0795023238294395e+18
245,1.0797796503109809e+18
246,1.0801967810418331e+18
247,1.0807615065798401e+18
248,1.0811540896296403e+18
249,1.0815059671029952e+18
250,1.0816128485908516e+18
251,1.0816481343053403e+18
252,1.08179270475662e+18
253,1.0819467910318127e+18
254,1.0821600969682292e+18
255,1.0828133913861302e+18
256,1.0828278493112558e+18
257,1.083186547285902e+18
258,1.0832680434765672e+18
259,1.0835269732229906e+18
260,1.0837484621160867e+18
261,1.0840046523360582e+18
262,1.0840412032131793e+18
263,1.08448377414384e+18
264,1.0846464597036229e+18
265,1.0854330442837399e+18
266,1.0856406322902998e+18
267,1.0867067539026971e+18
268,1.0873351862664631e+18
269,1.087497733422238e+18
270,1.0876177296728538e+18
271,1.088529455141583e+18
272,1.0890063920540129e+18
273,1.0894635946524371e+18
274,1.089574507228358e+18
275,1.0898368781522671e+18
276,1.0898584851433393e+18
277,1.0899751518417364e+18
278,1.0901077391865175e+18
279,1.0903091203139808e+18
280,1.0907017822149656e+18
281,1.0919215865531258e+18
282,1.0919926913521279e+18
283,1.0924331724412288e+18
284,1.0927236484970932e+18
285,1.0935858480143658e+18
286,1.0936396240668317e+18
287,1.0936712417818011e+18
288,1.0943709704236297e+18
289,1.0947200946169528e+18
290,1.0952679149386307e+18
291,1.0958579674567304e+18
292,1.0959514537755464e+18
293,1.0961489146169681e+18
294,1.096311993630001e+18
295,1.0968419724704594e+18
296,1.0973448478224992e+18
297,1.0977602087124902e+18
298,1.0986411474445889e+18
299,1.0987697566878683e+18
300,1.0989353814332678e+18
301,1.099208922802839e+18
302,1.0994657482796524e+18
303,1.0997726141994068e+18
304,1.0998015039490209e+18
305,1.0999336511181521e+18
306,1.1002391155929094e+18
307,1.1008224221244709e+18
308,1.1008522267000038e+18
309,1.1011912400958694e+18
310,1.1016463146116943e+18
311,1.1017806448036846e+18
312,1.1023673564193012e+18
313,1.1027454693024763e+18
314,1.1036795138647149e+18
315,1.1038444672456649e+18
316,1.1045527857978383e+18
317,1.1054240130267443e+18
318,1.1059055623970684e+18
319,1.1059277747726906e+18
320,1.1061644594280952e+18
321,1.1067298014808864e+18
322,1.1075444099220959e+18
323,1.1079941516830467e+18
324,1.1080901178485403e+18
325,1.1083161326217143e+18
326,1.1090869146530322e+18
327,1.1092108199124658e+18
328,1.1095656830596161e+18
329,1.110109173568558e+18
330,1.1101462626787388e+18
331,1.110463496361795e+18
332,1.1105913641856287e+18
333,1.1113725649613389e+18
334,1.1114143509891785e+18
335,1.1115554592336911e+18
336,1.111736914614277e+18
337,1.1126886627180285e+18
338,1.1129226940254044e+18
339,1.1131337760744248e+18
340,1.1132559637289938e+18
341,1.1133036326104058e+18
342,1.1136432187175982e+18
343,1.1136628103515072e+18
344,1.1138604205309381e+18
345,1.1148194791204462e+18
346,1.114893002767217e+18
347,1.1149030282411041e+18
348,1.1151468731483434e+18
349,1.1151510672804481e+18
350,1.1153454390439441e+18
351,1.1154067381277861e+18
352,1.1155049713868526e+18
353,1.1159106636535785e+18
354,1.1159494070787802e+18
355,1.1169874026457614e+18
356,1.1171817047039816e+18
357,1.1172143061719409e+18
358,1.1176292725031758e+18
359,1.1177569024385155e+18
360,1.1179604600793458e+18
361,1.1182953372771818e+18
362,1.1184142337628495e+18
363,1.1189426621216358e+18
364,1.1196323185070227e+18
365,1.1199920478233258e+18
366,1.1210499937307199e+18
367,1.1213730654875935e+18
368,1.1216101476139713e+18
369,1.1220215758561633e+18
370,1.1221814644445742e+18
371,1.1221870713181335e+18
372,1.1226269849653787e+18
373,1.122990260630557e+18
374,1.123338533198311e+18
375,1.1233673054136444e+18
376,1.1236674528375994e+18
377,1.123848998362047e+18
378,1.1246663604437988e+18
379,1.1249011833428344e+18
380,1.1250412027288517e+18
381,1.1256300441005705e+18
382,1.1256984315607903e+18
383,1.125803840138729e+18
384,1.125880528768787e+18
385,1.1261774642958528e+18
386,1.126307892903875e+18
387,1.1265187361667366e+18
388,1.1277358441162473e+18
389,1.127986389552573e+18
390,1.1285382718712549e+18
391,1.1285696139578348e+18
392,1.1286992415399058e+18
393,1.1291818690510771e+18
394,1.1292678292848384e+18
395,1.1306524192278149e+18
396,1.1311572878445126e+18
397,1.13149637162933e+18
398,1.1325875706385836e+18
399,1.1330152865602136e+18
400,1.1333263835580772e+18
401,1.1334361657615941e+18
402,1.133578179231137e+18
403,1.1338964867788792e+18
404,1.1342237975467488e+18
405,1.134569079315493e+18
406,1.135288503807526e+18
407,1.1354668006473258e+18
408,1.1363582175341588e+18
409,1.1366005097847351e+18
410,1.1367493505607025e+18
411,1.1370841800798779e+18
412,1.1377224975586382e+18
413,1.1377953568407185e+18
414,1.1385792783165256e+18
415,1.1386592027845613e+18
416,1.1388311660578152e+18
417,1.1408285216076457e+18
418,1.1411924594487739e+18
419,1.1414290264922449e+18
420,1.142211792175672e+18
421,1.1424540040225532e+18
422,1.1428118288881699e+18
423,1.1434831639835603e+18
424,1.1435847807566047e+18
425,1.1442450881558957e+18
426,1.1448223526777879e+18
427,1.1450103936569362e+18
428,1.145221979415703e+18
429,1.1454831766919514e+18
430,1.1458836617249117e+18
431,1.1458855440677334e+18
432,1.1464842450715043e+18
433,1.1484285171666084e+18
434,1.148662346151748e+18
435,1.1491394367943071e+18
436,1.1497120233370089e+18
437,1.149971593648152e+18
438,1.150184041166086e+18
439,1.1505557133539539e+18
440,1.1509363599882769e+18
441,1.151051870875397e+18
442,1.1523331863999122e+18
443,1.15242034317359e+18
444,1.1525063234117467e+18
445,1.1526303234404369e+18
446,1.1532433418733924e+18
447,1.1533483438113293e+18
448,1.1536677380844603e+18
449,1.1541601900752899e+18
450,1.154234690309565e+18
451,1.154607002457693e+18
452,1.154624191881395e+18
453,1.1551717521655726e+18
454,1.1551981565509105e+18
455,1.1556201046283425e+18
456,1.1567272747812956e+18
457,1.1581978681321923e+18
458,1.159341212956837e+18
459,1.1595267628495347e+18
460,1.159737898216749e+18
461,1.160135924023702e+18
462,1.1606681176301133e+18
463,1.160718060327823e+18
464,1.161771059129094e+18
465,1.1619056059516544e+18
466,1.161977237490221e+18
467,1.16225623890337e+18
468,1.1623509282664963e+18
469,1.1628135285829414e+18
470,1.1633325687128556e+18
471,1.164326701689545e+18
472,1.1647239892751421e+18
473,1.1652446486680922e+18
474,1.1661264415854792e+18
475,1.1661418966129137e+18
476,1.166281046802408e+18
477,1.1684394426388178e+18
478,1.16911012143313e+18
479,1.1694711538169574e+18
480,1.169929679124387e+18
481,1.1713714695162657e+18
482,1.171528714930285e+18
483,1.171650289798813e+18
484,1.1724429847716854e+18
485,1.1726627456840061e+18
486,1.172772067712267e+18
487,1.173151029234583e+18
488,1.173862771468633e+18
489,1.1741197836725238e+18
490,1.1747055547850885e+18
491,1.174806851961916e+18
492,1.1750917783590108e+18
493,1.175394258495213e+18
494,1.1769114216934707e+18
495,1.1770538133125996e+18
496,1.1782272057451277e+18
497,1.1786783894644457e+18
498,1.178876221360579e+18
499,1.179037926308744e+18
500,1.179225781499363e+18
501,1.1793738216114568e+18
502,1.179482742262319e+18
503,1.179493087995945e+18
504,1.1796808411245358e+18
505,1.1807717887669276e+18
506,1.1813358429036608e+18
507,1.1813613589278776e+18
508,1.1820820115005376e+18
509,1.1820860029024684e+18
510,1.182455737948309e+18
511,1.1832445053016783e+18
512,1.1832594732233313e+18
513,1.1832814103846774e+18
514,1.1834947761881183e+18
515,1.1836106484308536e+18
516,1.183915203871501e+18
517,1.1842457468892152e+18
518,1.184563425306529e+18
519,1.184599340505177e+18
520,1.1849309775820636e+18
521,1.185549118339071e+18
522,1.186916874869101e+18
523,1.1871566231378196e+18
524,1.1875090332380751e+18
525,1.187724225154397e+18
526,1.1893552465872138e+18
527,1.1893593185839355e+18
528,1.1897431263042447e+18
529,1.1899086005910879e+18
530,1.190066349150473e+18
531,1.1902066098157742e+18
532,1.1904424915486584e+18
533,1.1904836984431255e+18
534,1.1907307917938424e+18
535,1.1909498631879176e+18
536,1.1912859882146967e+18
537,1.1936810703743985e+18
538,1.1937148404660813e+18
539,1.1945809524714076e+18
540,1.194902211536643e+18
541,1.1953656280324644e+18
542,1.1954159029832466e+18
543,1.195422304104324e+18
544,1.1954437490091633e+18
545,1.1954787494708864e+18
546,1.1966770932082634e+18
547,1.1970701374112307e+18
548,1.1973737332642056e+18
549,1.1975943536673487e+18
550,1.198138605322649e+18
551,1.1991025066235786e+18
552,1.199251277632318e+18
553,1.1993266567289224e+18
554,1.1993304803049477e+18
555,1.1995354159264522e+18
556,1.1997670521916406e+18
557,1.1998907077972157e+18
558,1.2004522709317514e+18
559,1.2014039985354458e+18
560,1.2028321246445407e+18
561,1.2029971368350572e+18
562,1.2037651410994586e+18
563,1.2045055093145807e+18
564,1.2054100057478134e+18
565,1.206667382968983e+18
566,1.2073148474702648e+18
567,1.2074035851876367e+18
568,1.2077604733674985e+18
569,1.207902252479138e+18
570,1.2080988094964723e+18
571,1.2083285307885043e+18
572,1.2083976597972902e+18
573,1.2085494142883924e+18
574,1.209346914938612e+18
575,1.209497277249494e+18
576,1.2103509273648484e+18
577,1.2112176373027556e+18
578,1.21143116585939e+18
579,1.2116099898810017e+18
580,1.2123967730783178e+18
581,1.2124948532661135e+18
582,1.2146246051744343e+18
583,1.2148136234492099e+18
584,1.215282528893816e+18
585,1.215398250026378e+18
586,1.215630110136161e+18
587,1.2156332804445245e+18
588,1.216361040156282e+18
589,1.216508964080641e+18
590,1.2165201932751014e+18
591,1.2165665702061322e+18
592,1.216901823709687e+18
593,1.217053186955264e+18
594,1.2175826494522668e+18
595,1.217771742031386e+18
596,1.2179130866959962e+18
597,1.2180977528901458e+18
598,1.2183654342229248e+18
599,1.2199866546273024e+18
600,1.2201877532196332e+18
601,1.220497655514967e+18
602,1.220548474334767e+18
603,1.220572204927237e+18
604,1.2208110021139292e+18
605,1.221008044673306e+18
606,1.2217937464565312e+18
607,1.2218617399028628e+18
608,1.2226524535560323e+18
609,1.222997698842394e+18
610,1.2234683255558822e+18
611,1.223836003067132e+18
612,1.2242081273071598e+18
613,1.2246969537362478e+18
614,1.2255377705377661e+18
615,1.2263297363156122e+18
616,1.226831864723833e+18
617,1.2268663609946644e+18
618,1.2269290613227814e+18
619,1.227027312445613e+18
620,1.229347603294734e+18
621,1.229569242015538e+18
622,1.2296281461065372e+18
623,1.229887149663709e+18
624,1.2305869440739484e+18
625,1.2306090179822723e+18
626,1.2309131496696407e+18
627,1.231496989866895e+18
628,1.2319863218478497e+18
629,1.2327713284299395e+18
630,1.23478240313818e+18
631,1.2350376715461266e+18
632,1.2357132394788357e+18
633,1.236410157103159e+18
634,1.237199251678223e+18
635,1.237331951381955e+18
636,1.2374898084991708e+18
637,1.237768634486927e+18
638,1.2383405301244593e+18
639,1.2387426994783076e+18
640,1.2388149398636618e+18
641,1.239006515976365e+18
642,1.2399089911640033e+18
643,1.2399998913188618e+18
644,1.240548421583847e+18
645,1.2418627294831212e+18
646,1.241874348940594e+18
647,1.2444137672901937e+18
648,1.2446947894962276e+18
649,1.2451443782046822e+18
650,1.2451892080753746e+18
651,1.2454718193727368e+18
652,1.2457633585296174e+18
653,1.2465299518038566e+18
654,1.246553035885503e+18
655,1.2471409818134597e+18
656,1.2473833347520596e+18
657,1.2476434862302733e+18
658,1.2486850707114432e+18
659,1.2488244178289208e+18
660,1.2491876240531625e+18
661,1.2496217013032243e+18
662,1.2497631274480852e+18
663,1.2514567371835292e+18
664,1.2517572151216356e+18
665,1.2518758075007793e+18
666,1.2521251073515464e+18
667,1.2527047891826929e+18
668,1.2536121234495004e+18
669,1.254122218971668e+18
670,1.2541942235056192e+18
671,1.2555641993593792e+18
672,1.2559908297049014e+18
673,1.257127377454812e+18
674,1.2571312222425034e+18
675,1.2573120589415073e+18
676,1.2575356666587425e+18
677,1.2578822054593224e+18
678,1.25928750888556e+18
679,1.2596843453856778e+18
680,1.2599796473841805e+18
681,1.2606763505715796e+18
682,1.2611867596359073e+18
683,1.2614914741270042e+18
684,1.2622593193525448e+18
685,1.2622854186988754e+18
686,1.2642131923726257e+18
687,1.264232924915659e+18
688,1.2647934063331023e+18
689,1.2653827264879025e+18
690,1.2657152155467794e+18
691,1.2657720534888425e+18
692,1.2663195913533937e+18
693,1.2680005636105554e+18
694,1.2688369974793533e+18
695,1.2691985244625807e+18
696,1.2696586098415552e+18
697,1.2697352355600474e+18
698,1.2698607517935578e+18
699,1.2714091149141425e+18
700,1.2714338279051832e+18
701,1.2719147887022482e+18
702,1.2719650099545295e+18
703,1.2728870204609546e+18
704,1.273112564267419e+18
705,1.2735330375028168e+18
706,1.2736269375042555e+18
707,1.2744301097548652e+18
708,1.274719962080244e+18
709,1.27500161084958e+18
710,1.2756198480255877e+18
711,1.2761032537688842e+18
712,1.2778344592138125e+18
713,1.2794724777502968e+18
714,1.2801071630485706e+18
715,1.2807447810289928e+18
716,1.280993019236487e+18
717,1.2809969207875182e+18
718,1.283289905532829e+18
719,1.283564098932561e+18
720,1.2836661009635779e+18
721,1.2838626937701798e+18
722,1.284056084499946e+18
723,1.285299193012086e+18
724,1.2853252463435592e+18
725,1.2861669367887117e+18
726,1.2862444410687322e+18
727,1.2878060418894602e+18
728,1.2880577359946895e+18
729,1.2882886500237263e+18
730,1.2884829041075013e+18
731,1.2887349335316262e+18
732,1.2891907517505106e+18
733,1.2895347744178452e+18
734,1.29054780524225e+18
735,1.2908125082704381e+18
736,1.2913647565304579e+18
737,1.2923345082941322e+18
738,1.2926192980243725e+18
739,1.2935151660510418e+18
740,1.2941504867806234e+18
741,1.294988408102427e+18
742,1.29526087314898e+18
743,1.2957279758045102e+18
744,1.2958080886221458e+18
745,1.2965321630833902e+18
746,1.2976733745851354e+18
747,1.2978340445912748e+18
748,1.2982091238623347e+18
749,1.2990892703073452e+18
750,1.2995360802915118e+18
751,1.3008382349544458e+18
752,1.3046446518867837e+18
753,1.3055828314328617e+18
754,1.3077737666575634e+18
755,1.3080174549508716e+18
756,1.3097886232544338e+18
757,1.3101071373384486e+18
758,1.3102181066284716e+18
759,1.310307842933094e+18
760,1.310607643593081e+18
761,1.3108375634572247e+18
762,1.3124900639188672e+18
763,1.3150787321544468e+18
764,1.3156303698255644e+18
765,1.3158814209980275e+18
766,1.3163456039717686e+18
767,1.31837393507336e+18
768,1.3188800932015043e+18
769,1.319030334994321e+18
770,1.3190381915815846e+18
771,1.3193576195414812e+18
772,1.3206225156892188e+18
773,1.3211100278448072e+18
774,1.32177606008289e+18
775,1.3223669009880177e+18
776,1.322639326309527e+18
777,1.3229915321371195e+18
778,1.3232056439791864e+18
779,1.3250817692385014e+18
780,1.3262670511788818e+18
781,1.3270922055571653e+18
782,1.327541887914157e+18
783,1.3282781282996052e+18
784,1.3287372141103752e+18
785,1.329245316898373e+18
786,1.3308457655094702e+18
787,1.3310384620473198e+18
788,1.3311074223720392e+18
789,1.3311283774285253e+18
790,1.3311947410277652e+18
791,1.3321486723979305e+18
792,1.332395156865072e+18
793,1.33278031982136e+18
794,1.333129995744071e+18
795,1.3333240761616282e+18
796,1.3340165941617802e+18
797,1.3362919694894474e+18
798,1.3363422291643735e+18
799,1.3367128388428826e+18
800,1.3373956031555405e+18
801,1.3374595112087457e+18
802,1.3374652561754028e+18
803,1.337503407769601e+18
804,1.3376292455796278e+18
805,1.338322607964262e+18
806,1.3393243529129833e+18
807,1.3401662234165832e+18
808,1.3410944291144978e+18
809,1.3422028117023155e+18
810,1.342734274996917e+18
811,1.3430800594297608e+18
812,1.3442033181732214e+18
813,1.3442847312303145e+18
814,1.3443384712907656e+18
815,1.3454247518563103e+18
816,1.345834406181773e+18
817,1.346427193508719e+18
818,1.3468760084178813e+18
819,1.3479751825705953e+18
820,1.3481547935414897e+18
821,1.348226220070886e+18
822,1.348885561310596e+18
823,1.3496570739350904e+18
824,1.3502494919968604e+18
825,1.3509388830282924e+18
826,1.3509722157268442e+18
827,1.3514971720775398e+18
828,1.3518441387076746e+18
829,1.3521412662701778e+18
830,1.3548361308410158e+18
831,1.357212176423848e+18
832,1.3573024685690314e+18
833,1.3596602684103337e+18
834,1.3597045716280092e+18
835,1.3598506823320292e+18
836,1.3630117191505848e+18
837,1.3644525818657196e+18
838,1.3653796536916255e+18
839,1.3664303213924037e+18
840,1.3673529400920238e+18
841,1.3679152969391424e+18
842,1.3694325206581676e+18
843,1.3703344131747988e+18
844,1.370490546359107e+18
845,1.3714907021796764e+18
846,1.3725261167090163e+18
847,1.3733180228798108e+18
848,1.373390736452582e+18
849,1.375010995593806e+18
850,1.3753856120169697e+18
851,1.3754239828258621e+18
852,1.3754961325526756e+18
853,1.3764588900067553e+18
854,1.3766954571226785e+18
855,1.3767519562224845e+18
856,1.3772140313665672e+18
857,1.3784241693239654e+18
858,1.3796156459491922e+18
859,1.3815980472478907e+18
860,1.3820610978779359e+18
861,1.3822111498621407e+18
862,1.382433197929418e+18
863,1.3828036307671242e+18
864,1.3831496087309128e+18
865,1.3835060378723763e+18
866,1.3836230928853504e+18
867,1.3840830682070523e+18
868,1.3859615200393876e+18
869,1.386954459472305e+18
870,1.3883821432374257e+18
871,1.3884410546926208e+18
872,1.3890499621094984e+18
873,1.3907610788243172e+18
874,1.3938901773990515e+18
875,1.394345522895579e+18
876,1.3959082588653076e+18
877,1.3984145162989612e+18
878,1.399143627488244e+18
879,1.3999612808604424e+18
880,1.4005700445814943e+18
881,1.402440662789527e+18
882,1.402892153917904e+18
883,1.403116028890761e+18
884,1.4051717634339804e+18
885,1.4053198644502564e+18
886,1.4068598992656274e+18
887,1.4084151454864522e+18
888,1.4084906162972058e+18
889,1.410991946401295e+18
890,1.4115310456283965e+18
891,1.4125584340635436e+18
892,1.4131482413793582e+18
893,1.413960231726238e+18
894,1.4148031755021763e+18
895,1.4169074069216558e+18
896,1.417041531974557e+18
897,1.4172552906600694e+18
898,1.4205022658314755e+18
899,1.421278934596605e+18
900,1.421623556735348e+18
901,1.4219277924531686e+18
902,1.4222002353126948e+18
903,1.422422904994756e+18
904,1.4255321011452104e+18
905,1.426260927754089e+18
906,1.428794158548787e+18
907,1.4293339306455642e+18
908,1.430373588900849e+18
909,1.4313325536043666e+18
910,1.4343979270322301e+18
911,1.4357836230502272e+18
912,1.4368135667883674e+18
913,1.43690320098621e+18
914,1.4371305805633354e+18
915,1.438674787812553e+18
916,1.4389840156576763e+18
917,1.4390815619478838e+18
918,1.4392997837503798e+18
919,1.4398242417587858e+18
920,1.4402671046358216e+18
921,1.4418017490969887e+18
922,1.4422373704430026e+18
923,1.442340094790563e+18
924,1.4423719307954854e+18
925,1.4425665980039647e+18
926,1.442962081164329e+18
927,1.443218358232204e+18
928,1.4445401556266926e+18
929,1.444791214638844e+18
930,1.4452002879813896e+18
931,1.4457414071121902e+18
932,1.446138947012089e+18
933,1.4464526297380797e+18
934,1.4468960306891328e+18
935,1.4469360851446991e+18
936,1.447110053398784e+18
937,1.4472978723673572e+18
938,1.447582514548926e+18
939,1.4477175094397522e+18
940,1.44801800123751e+18
941,1.4486899081141796e+18
942,1.4499357453220444e+18
943,1.4500339335549445e+18
944,1.4510822920265057e+18
945,1.4513458031211594e+18
946,1.4518608644953114e+18
947,1.4518660037057695e+18
948,1.4521371468687544e+18
949,1.4521770216583741e+18
950,1.4531604296030182e+18
951,1.4533623935091261e+18
952,1.453911786596011e+18
953,1.4545195910392996e+18
954,1.4549373920077466e+18
955,1.455596404782074e+18
956,1.4560114265592945e+18
957,1.456443616872616e+18
958,1.4565595747450514e+18
959,1.4570226881712494e+18
960,1.4573176038558659e+18
961,1.457615391181805e+18
962,1.4578345203914724e+18
963,1.4601960130402202e+18
964,1.46051434450896e+18
965,1.4609883159293676e+18
966,1.4654797477040404e+18
967,1.4669150887723144e+18
968,1.4673603448343647e+18
969,1.4677105713679455e+18
970,1.4678785875356884e+18
971,1.4688350505654472e+18
972,1.4705335861995983e+18
973,1.4712435563936125e+18
974,1.4719677861451005e+18
975,1.4726117842929495e+18
976,1.4749598735277816e+18
977,1.47552568821694e+18
978,1.4757907909864714e+18
979,1.4759899145848302e+18
980,1.4763260359505377e+18
981,1.4764535144595732e+18
982,1.4766784645536072e+18
983,1.47749955624061e+18
984,1.4776723538968087e+18
985,1.4777502630253143e+18
986,1.4786220837421773e+18
987,1.479531185379209e+18
988,1.4802848671137664e+18
989,1.4806894304082368e+18
990,1.4818893165299438e+18
991,1.4820874863231311e+18
992,1.4829209554863964e+18
993,1.48340271371313e+18
994,1.483804835829717e+18
995,1.485484783289528e+18
996,1.4858222069336433e+18
997,1.4875757529882857e+18
998,1.4875844637511347e+18
999,1.4885999585031427e+18
1000,1.4887326339761526e+18
1001,1.4887754635390024e+18
1002,1.4897015555699407e+18
1003,1.490179094807139e+18
1004,1.4915525161760036e+18
1005,1.4924467838579412e+18
1006,1.493759251033517e+18
1007,1.49391560641781e+18
1008,1.494281466448444e+18
1009,1.4964367097150162e+18
1010,1.4971521514519304e+18
1011,1.497851081393617e+18
1012,1.4988511566654467e+18
1013,1.4990229529881705e+18
1014,1.5002038442685368e+18
1015,1.5005767911128858e+18
1016,1.502977047939438e+18
1017,1.503229971007237e+18
1018,1.503579257204612e+18
1019,1.5035989466091553e+18
1020,1.504596623521198e+18
1021,1.5072902007788913e+18
1022,1.508036761835543e+18
1023,1.5147690510628296e+18
1024,1.5149285090648694e+18
1025,1.5152510082377303e+18
1026,1.515667289260562e+18
1027,1.5161890016741353e+18
1028,1.5164457491805985e+18
1029,1.5177612263333048e+18
1030,1.5180584407520612e+18
1031,1.5188765694259346e+18
1032,1.5205169172598769e+18
1033,1.5205887608110372e+18
1034,1.5206190628721454e+18
1035,1.5209298959392745e+18
1036,1.5229881249916375e+18
1037,1.5242914165456676e+18
1038,1.5245980284074783e+18
1039,1.525269429721332e+18
1040,1.5254069879434063e+18
1041,1.52568631753736e+18
1042,1.5263595344622308e+18
1043,1.5286303934534095e+18
1044,1.529886694081839e+18
1045,1.5300325410763348e+18
1046,1.5301904744069448e+18
1047,1.530614663731379e+18
1048,1.530790890243982e+18
1049,1.5322067284529684e+18
1050,1.5327763616362598e+18
1051,1.5357165412547075e+18
1052,1.537324887452114e+18
1053,1.537616693897843e+18
1054,1.540035520027571e+18
1055,1.54052151079929e+18
1056,1.5407451023316772e+18
1057,1.5428449021364593e+18
1058,1.5432649693036193e+18
1059,1.543512300249028e+18
1060,1.5440835001249807e+18
1061,1.5442488585171638e+18
1062,1.5448221567579702e+18
1063,1.5466131272461064e+18
1064,1.547470211132078e+18
1065,1.5479532436583224e+18
1066,1.5483829858718625e+18
1067,1.549485046050751e+18
1068,1.551171429776913e+18
1069,1.5518697089672177e+18
1070,1.5546210415701716e+18
1071,1.5561601260752998e+18
1072,1.5566167925303508e+18
1073,1.5568765108221248e+18
1074,1.5581854748896845e+18
1075,1.5582072683326205e+18
1076,1.5585486525245325e+18
1077,1.5617074640746e+18
1078,1.56191305019279e+18
1079,1.5642923388104097e+18
1080,1.5679797700362708e+18
1081,1.5698607512007355e+18
1082,1.5703023583229092e+18
1083,1.5715251371563617e+18
1084,1.572259990398095e+18
1085,1.572448056945977e+18
1086,1.573936949558023e+18
1087,1.5770428848967485e+18
1088,1.5778563319741686e+18
1089,1.5784839370457462e+18
1090,1.5813215694224678e+18
1091,1.582957968183087e+18
1092,1.5850509552726438e+18
1093,1.5856502085561595e+18
1094,1.5860176665459663e+18
1095,1.5864325061507415e+18
1096,1.5883282737786744e+18
1097,1.5886334779862467e+18
1098,1.5894230699107287e+18
1099,1.5901901449364877e+18
1100,1.5911697635699226e+18
1101,1.592025411385999e+18
1102,1.5924341759582868e+18
1103,1.5928190567365338e+18
1104,1.593141261811128e+18
1105,1.5939390763262687e+18
1106,1.5943771569906335e+18
1107,1.5944275921489562e+18
1108,1.5945935814772557e+18
1109,1.5947202193811328e+18
1110,1.5950348371043702e+18
1111,1.59705867809898e+18
1112,1.5972125177953165e+18
1113,1.598595931584012e+18
1114,1.5994275517933862e+18
1115,1.6001879504853857e+18
1116,1.6004607327527823e+18
1117,1.6008425329728276e+18
1118,1.6018022441337992e+18
1119,1.6025062620888215e+18
1120,1.60270327987948e+18
1121,1.6036043348443494e+18
1122,1.608096703546958e+18
1123,1.608585996068266e+18
1124,1.6091287453352236e+18
1125,1.6093175546721743e+18
1126,1.6096989474153032e+18
1127,1.610603800891786e+18
1128,1.6121311022125576e+18
1129,1.6122997958390185e+18
1130,1.6136208360467505e+18
1131,1.6148947469999212e+18
1132,1.6151234445508572e+18
1133,1.618163958926507e+18
1134,1.6191733054949473e+18
1135,1.6204386975096556e+18
1136,1.6209107186238659e+18
1137,1.6214242855098683e+18
1138,1.6222439275951585e+18
1139,1.6239129834304118e+18
1140,1.6241425523702943e+18
1141,1.6247103495774817e+18
1142,1.6254466684010732e+18
1143,1.626429310896826e+18
1144,1.6286464761136673e+18
1145,1.6320872698238753e+18
1146,1.6324588099366077e+18
1147,1.633197041251432e+18
1148,1.6366402884581934e+18
1149,1.6392193034279693e+18
1150,1.6393689198538632e+18
1151,1.6410250060146447e+18
1152,1.6441799354533427e+18
1153,1.646365388541283e+18
1154,1.6468489603755384e+18
1155,1.647504415504612e+18
1156,1.6477702593020974e+18
1157,1.6492315640983212e+18
1158,1.6500312550652454e+18
1159,1.6512999419074734e+18
1160,1.6524504140895882e+18
1161,1.6557681451478682e+18
1162,1.6574735395933197e+18
1163,1.6608116412336768e+18
1164,1.660965979525872e+18
1165,1.6616453678636196e+18
1166,1.6621119274441864e+18
1167,1.662295064924534e+18
1168,1.6643784419050432e+18
1169,1.6656454913908603e+18
1170,1.6661636646887677e+18
1171,1.668472346238717e+18
1172,1.6695759368679176e+18
1173,1.6698498151723372e+18
1174,1.6704030456422766e+18
1175,1.6705836872293133e+18
1176,1.6738998694397632e+18
1177,1.6760331797982126e+18
1178,1.6771471129400942e+18
1179,1.6778755792654592e+18
1180,1.6787005974951718e+18
1181,1.6809898586893125e+18
1182,1.681301428441551e+18
1183,1.6813167833523087e+18
1184,1.681557456701292e+18
1185,1.6843012965147305e+18
1186,1.684576247957628e+18
1187,1.6878954809965181e+18
1188,1.6885869677878077e+18
1189,1.6897301823825477e+18
1190,1.6901157837436442e+18
1191,1.6901612858204385e+18
1192,1.6904610648997125e+18
1193,1.6910901737550705e+18
1194,1.691151658387811e+18
1195,1.693584298804571e+18
1196,1.699509779843922e+18
1197,1.6999554111128056e+18
1198,1.7010986511599316e+18
1199,1.7018997850896164e+18
1200,1.7027074440165363e+18
1201,1.703179603267515e+18
1202,1.704624461214685e+18
1203,1.7053401209146982e+18
1204,1.707402612797047e+18
1205,1.7074805411404736e+18
1206,1.7079637877910118e+18
1207,1.7084534536988541e+18
1208,1.708471051825873e+18
1209,1.7094541987058726e+18
1210,1.709807089612487e+18
1211,1.7107496363240146e+18
1212,1.712959556689714e+18
1213,1.7133559770298112e+18
1214,1.7135965968443758e+18
1215,1.714810075025917e+18
1216,1.71613398732151e+18
1217,1.7183699336891963e+18
1218,1.7188389146923474e+18
1219,1.7198296382997655e+18
1220,1.72349797887203e+18
1221,1.7269457768217047e+18
1222,1.7277935723658284e+18
1223,1.7325692650886968e+18
1224,1.7350540238691843e+18
1225,1.7404337127145477e+18
1226,1.7410507475027784e+18
1227,1.7425732740967772e+18
1228,1.7431474217726008e+18
1229,1.7438847160295677e+18
1230,1.744141127507941e+18
1231,1.7446081417934948e+18
1232,1.7473649336112246e+18
1233,1.749684861433504e+18
1234,1.7526474006893146e+18
1235,1.7536828070230564e+18
1236,1.7560475256255025e+18
1237,1.7561980319114785e+18
1238,1.7595583827598659e+18
1239,1.761945273330306e+18
1240,1.7641925526319206e+18
1241,1.7650948125556237e+18
1242,1.7661971761946225e+18
1243,1.7676474685801413e+18
1244,1.7685330017728e+18
1245,1.7700053935931845e+18
1246,1.770215173664833e+18
1247,1.7710554245905956e+18
1248,1.7719851695320955e+18
1249,1.7724174198073388e+18
1250,1.7749232464924188e+18
1251,1.7751058909438095e+18
1252,1.7760000876921006e+18
1253,1.7762413043196936e+18
1254,1.777136624837492e+18
1255,1.7818095717969032e+18
1256,1.7853855845049085e+18
1257,1.7881622878490982e+18
1258,1.788215663799434e+18
1259,1.789203364783758e+18
1260,1.791623063216429e+18
1261,1.7927904784276928e+18
1262,1.793392159726892e+18
1263,1.7937784212249687e+18
1264,1.7939172555478618e+18
1265,1.7944408545869978e+18
1266,1.800246660620783e+18
1267,1.8022956843723423e+18
1268,1.8042680111914478e+18
1269,1.8071272328441357e+18
1270,1.8080700072944358e+18
1271,1.809438523656573e+18
1272,1.8099569304241964e+18
1273,1.8105016289195743e+18
1274,1.8122537484263434e+18
1275,1.8123080513065254e+18
1276,1.812322474951937e+18
1277,1.8131339259869588e+18
1278,1.8170678263999155e+18
1279,1.8178891272730662e+18
1280,1.8191297470873472e+18
1281,1.8195251800827684e+18
1282,1.8199673313603338e+18
1283,1.821156476933565e+18
1284,1.8233445529885071e+18
1285,1.8238857828205064e+18
1286,1.8249116176351954e+18
1287,1.8262680208345157e+18
1288,1.8287155469065907e+18
1289,1.831033491525592e+18
1290,1.8318349307824102e+18
1291,1.8357136954722179e+18
1292,1.8371524037916616e+18
1293,1.837998766203106e+18
1294,1.8397856166674117e+18
1295,1.8418832085890693e+18
1296,1.8419794898042995e+18
1297,1.8420241532380314e+18
1298,1.8446013292104799e+18
1299,1.8448076063692639e+18
1300,1.8452358240620047e+18
1301,1.8461907222364506e+18
1302,1.8465294436230564e+18
1303,1.8521819887877647e+18
1304,1.855999291291302e+18
1305,1.8587400945231247e+18
1306,1.8591676926214692e+18
1307,1.860437871500891e+18
1308,1.8611364662713416e+18
1309,1.8613784730834396e+18
1310,1.8625262509715343e+18
1311,1.8641602620559567e+18
1312,1.865332916539451e+18
1313,1.868656467272257e+18
1314,1.869110484392315e+18
1315,1.8693642519564132e+18
1316,1.8787295725252705e+18
1317,1.8807145601545065e+18
1318,1.8814172633292764e+18
1319,1.881631130159704e+18
1320,1.8818826199858127e+18
1321,1.8826068543831892e+18
1322,1.8843710504989443e+18
1323,1.8849706699921032e+18
1324,1.8854936463088348e+18
1325,1.8855726445052605e+18
1326,1.8856169645461353e+18
1327,1.8856522149384832e+18
1328,1.8874633981119534e+18
1329,1.8895248101161418e+18
1330,1.8895958498439204e+18
1331,1.8961696662225423e+18
1332,1.8967791477872627e+18
1333,1.8970359884247173e+18
1334,1.8985447233099904e+18
1335,1.9002496481702144e+18
1336,1.9006744224609454e+18
1337,1.9030375265798915e+18
1338,1.9095764899397363e+18
1339,1.9128788585243886e+18
1340,1.9150593235482578e+18
1341,1.915576842831856e+18
1342,1.9165663634549253e+18
1343,1.9168651889399383e+18
1344,1.917350542320939e+18
1345,1.918489560356574e+18
1346,1.9214435437842253e+18
1347,1.9220570874440673e+18
1348,1.9261585939474898e+18
1349,1.927590059648653e+18
1350,1.9303835622374264e+18
1351,1.9305604083733143e+18
1352,1.932245468858301e+18
1353,1.935478232245274e+18
1354,1.9370324972985766e+18
1355,1.9381497829612618e+18
1356,1.9443718993862456e+18
1357,1.946270142368824e+18
1358,1.9467781576642668e+18
1359,1.94990422688188e+18
1360,1.9509623700473213e+18
1361,1.9516726546167608e+18
1362,1.9529281125388803e+18
1363,1.9546227707350566e+18
1364,1.9586547968682547e+18
1365,1.9592921835296566e+18
1366,1.9617481111136323e+18
1367,1.965294442926016e+18
1368,1.9674844678874898e+18
1369,1.9676234497520701e+18
1370,1.9679456732134188e+18
1371,1.968684174888014e+18
1372,1.9704520999424558e+18
1373,1.9710817813364224e+18
1374,1.9773950450057016e+18
1375,1.977708208787615e+18
1376,1.97812537348386e+18
1377,1.978610134964606e+18
1378,1.9817810150742013e+18
1379,1.9832025719898268e+18
1380,1.9900740813180321e+18
1381,1.9917560931819932e+18
1382,1.9969382438329285e+18
1383,2.0012531210702966e+18
1384,2.0045547689054292e+18
1385,2.0060496322187471e+18
1386,2.0083841466661028e+18
1387,2.0100892861235505e+18
1388,2.0104519608301476e+18
1389,2.0107562054684104e+18
1390,2.0125033114122557e+18
1391,2.0131205422911002e+18
1392,2.0149281769485873e+18
1393,2.015801695145272e+18
1394,2.0171260301190164e+18
1395,2.017816455338288e+18
1396,2.018425594331981e+18
1397,2.0197888322783913e+18
1398,2.020860895731129e+18
1399,2.0211448086915018e+18
1400,2.0213467630436966e+18
1401,2.024734250940122e+18
1402,2.0274051304769887e+18
1403,2.0309544223272553e+18
1404,2.0310370994737065e+18
1405,2.0317167932011108e+18
1406,2.0325027976851628e+18
1407,2.039553754369301e+18
1408,2.0402391377693396e+18
1409,2.0447548331229775e+18
1410,2.0472735044128174e+18
1411,2.047681761487453e+18
1412,2.0492263533492805e+18
1413,2.0507544624676987e+18
1414,2.0556412343704701e+18
1415,2.0566095829970056e+18
1416,2.0575779615635361e+18
1417,2.0578989507596413e+18
1418,2.0585058463768627e+18
1419,2.0605928019586698e+18
1420,2.060914387985631e+18
1421,2.0623045198818765e+18
1422,2.0658680339140255e+18
1423,2.065941253632932e+18
1424,2.0696305537999575e+18
1425,2.070390645951246e+18
1426,2.0704195866322307e+18
1427,2.079231937334486e+18
1428,2.0798157549566866e+18
1429,2.0854227260869588e+18
1430,2.0873381096034537e+18
1431,2.089460870111751e+18
1432,2.0901599750877878e+18
1433,2.090730070548097e+18
1434,2.0964721149433533e+18
1435,2.0969620641060708e+18
1436,2.0973263670885317e+18
1437,2.0989242752089198e+18
1438,2.0996081545326262e+18
1439,2.1035443754079654e+18
1440,2.1041134169381412e+18
1441,2.1051472189190147e+18
1442,2.1054346004851423e+18
1443,2.1090754019348132e+18
1444,2.1103737531003727e+18
1445,2.1125746939845898e+18
1446,2.1132620831554734e+18
1447,2.114527085731413e+18
1448,2.1195119649460872e+18
1449,2.121001132978667e+18
1450,2.124626326260989e+18
1451,2.127760060317045e+18
1452,2.1347751844058647e+18
1453,2.1392338983983375e+18
1454,2.1419824395377347e+18
1455,2.1420563705190592e+18
1456,2.1432089149715146e+18
1457,2.1448230153231337e+18
1458,2.146687519819135e+18
1459,2.1528391254356314e+18
1460,2.1600523990368044e+18
1461,2.1602483013279396e+18
1462,2.161863192297397e+18
1463,2.1621399730532685e+18
1464,2.1666526493926543e+18
1465,2.1685577701736686e+18
1466,2.1694309516945748e+18
1467,2.16995324952849e+18
1468,2.1708299127723323e+18
1469,2.1708618283277384e+18
1470,2.1718180564049198e+18
1471,2.1726868424173204e+18
1472,2.1729164768721807e+18
1473,2.173445132689049e+18
1474,2.1744252608948242e+18
1475,2.1781456073078362e+18
1476,2.181141171407381e+18
1477,2.1824590464854991e+18
1478,2.1882038145630794e+18
1479,2.1900028238490877e+18
1480,2.1941022849739223e+18
1481,2.1950157628604337e+18
1482,2.1957743237772073e+18
1483,2.1967083953165263e+18
1484,2.199219662620215e+18
1485,2.1995532914355676e+18
1486,2.2042621627114153e+18
1487,2.2064185933444925e+18
1488,2.208386139975842e+18
1489,2.2093690403876396e+18
1490,2.2158635876867523e+18
1491,2.2172120125752876e+18
1492,2.2206725063105175e+18
1493,2.2225210475329567e+18
1494,2.2251678131472307e+18
1495,2.2272876425453396e+18
1496,2.23239538165131e+18
1497,2.2342563980884966e+18
1498,2.2391503946820692e+18
1499,2.2495524306660616e+18
1500,2.2521798726962358e+18
1501,2.2558584336400993e+18
1502,2.2560846404247265e+18
1503,2.2586574294169833e+18
1504,2.2642946414762232e+18
1505,2.2647735050404943e+18
1506,2.2659605372506998e+18
1507,2.267288446845541e+18
1508,2.2673523568853233e+18
1509,2.268929414815306e+18
1510,2.2768849279167882e+18
1511,2.277795691519607e+18
1512,2.2796528351961242e+18
1513,2.2804090056076833e+18
1514,2.2828202787457613e+18
1515,2.2870708389380844e+18
1516,2.2910128627106644e+18
1517,2.2917097354450693e+18
1518,2.292455971851636e+18
1519,2.2973020509403712e+18
1520,2.302336901857398e+18
1521,2.3028102541954767e+18
1522,2.3039359869035886e+18
1523,2.3052552700472297e+18
1524,2.305921809305556e+18
1525,2.307518072153012e+18
1526,2.313836834114196e+18
1527,2.31609567737058e+18
1528,2.3186609946800896e+18
1529,2.319546533627429e+18
1530,2.324452801025507e+18
1531,2.3255906509212815e+18
1532,2.3285589453769994e+18
1533,2.328850032029257e+18
1534,2.3288527199269545e+18
1535,2.3293073702060324e+18
1536,2.3322134938816215e+18
1537,2.3335126098668564e+18
1538,2.3419435533802793e+18
1539,2.3471835147464335e+18
1540,2.3500773276010506e+18
1541,2.357273262092903e+18
1542,2.3585740014448845e+18
1543,2.3608265740017055e+18
1544,2.3627126343658245e+18
1545,2.376993027422482e+18
1546,2.380228890747208e+18
1547,2.381546680774185e+18
1548,2.3878605193085814e+18
1549,2.393325299386196e+18
1550,2.398718674110266e+18
1551,2.4020074423582843e+18
1552,2.405054657773968e+18
1553,2.4138059276709473e+18
1554,2.4147755158416717e+18
1555,2.4230026960726277e+18
1556,2.423425637399247e+18
1557,2.428051558360827e+18
1558,2.4285054087821896e+18
1559,2.4310716044979896e+18
1560,2.4346058380013353e+18
1561,2.436615962526409e+18
1562,2.438595906294306e+18
1563,2.439583220700133e+18
1564,2.4566258340437617e+18
1565,2.4641726741716024e+18
1566,2.4659705448673055e+18
1567,2.4663109213207767e+18
1568,2.47331147571386e+18
1569,2.483488445669807e+18
1570,2.4920407988950124e+18
1571,2.493481510864197e+18
1572,2.494326099590461e+18
1573,2.4992486520357627e+18
1574,2.5004340137158436e+18
1575,2.500960452303837e+18
1576,2.501171210833993e+18
1577,2.5039455272943227e+18
1578,2.504571137460117e+18
1579,2.505866852771644e+18
1580,2.513629603607045e+18
1581,2.5170361254275707e+18
1582,2.5173368265573745e+18
1583,2.520643416887828e+18
1584,2.5215285867718124e+18
1585,2.524754270762236e+18
1586,2.5252707564168576e+18
1587,2.52765609782925e+18
1588,2.542695050128984e+18
1589,2.5463126227194086e+18
1590,2.547919639947114e+18
1591,2.550146040944185e+18
1592,2.5505974147056594e+18
1593,2.5565625137598986e+18
1594,2.571484730090437e+18
1595,2.5773539222540365e+18
1596,2.5788048689202294e+18
1597,2.580437054616424e+18
1598,2.581971956415723e+18
1599,2.5836613277678136e+18
1600,2.590513871843462e+18
1601,2.592583735391383e+18
1602,2.59342243306065e+18
1603,2.594648770737734e+18
1604,2.6021021041991936e+18
1605,2.602667304621604e+18
1606,2.603343878094952e+18
1607,2.60526562004297e+18
1608,2.612840457717475e+18
1609,2.618450141271113e+18
1610,2.619891703554384e+18
1611,2.6252469521696215e+18
1612,2.6297587691309066e+18
1613,2.62983751517614e+18
1614,2.6326812583631053e+18
1615,2.6328909770984893e+18
1616,2.6359439833721206e+18
1617,2.6427493490966405e+18
1618,2.6466789874847744e+18
1619,2.649213409860815e+18
1620,2.6500254429734385e+18
1621,2.655750660329616e+18
1622,2.660020746645777e+18
1623,2.6625352060221747e+18
1624,2.6629164759138376e+18
1625,2.666458754040908e+18
1626,2.6815266037934643e+18
1627,2.688945228125425e+18
1628,2.6924954944444774e+18
1629,2.6941916108045604e+18
1630,2.7008505410082053e+18
1631,2.710991784404438e+18
1632,2.727146832668462e+18
1633,2.732782921360392e+18
1634,2.736811529158677e+18
1635,2.7425548503570243e+18
1636,2.749607210656058e+18
1637,2.7500646818963405e+18
1638,2.7510206640145116e+18
1639,2.7514319533427456e+18
1640,2.7537216864564214e+18
1641,2.7807522708424904e+18
1642,2.7920331384300923e+18
1643,2.794123287818167e+18
1644,2.7963752623372687e+18
1645,2.7966398875682324e+18
1646,2.797271550830787e+18
1647,2.79955141681808e+18
1648,2.799600105979608e+18
1649,2.8008008353642076e+18
1650,2.806922988380184e+18
1651,2.807341181301301e+18
1652,2.809388076714801e+18
1653,2.8118875923313823e+18
1654,2.818219063867754e+18
1655,2.8228096768864845e+18
1656,2.8341960103516283e+18
1657,2.8347711695264097e+18
1658,2.838983608356984e+18
1659,2.8463410570224947e+18
1660,2.846651799609504e+18
1661,2.847718616463622e+18
1662,2.848878162562757e+18
1663,2.8540089188728233e+18
1664,2.8646416324562437e+18
1665,2.8745413149597025e+18
1666,2.8757490149854956e+18
1667,2.876018010916701e+18
1668,2.8800316028378097e+18
1669,2.9020104327151857e+18
1670,2.904868600554626e+18
1671,2.912949080592759e+18
1672,2.9157219521686277e+18
1673,2.916795892796773e+18
1674,2.9408091047284434e+18
1675,2.941472025741175e+18
1676,2.94340309297891e+18
1677,2.9442676168336097e+18
1678,2.9512823012553093e+18
1679,2.958850122631272e+18
1680,2.959621149123311e+18
1681,2.964138692215337e+18
1682,2.965816836099399e+18
1683,2.969961209464052e+18
1684,2.970730586793999e+18
1685,2.9724260047101645e+18
1686,2.9857322978578627e+18
1687,2.994826726654994e+18
1688,2.9964883717285734e+18
1689,3.005286446560151e+18
1690,3.0093034089480335e+18
1691,3.011163345156111e+18
1692,3.025618202782685e+18
1693,3.034249631046927e+18
1694,3.04022816955798e+18
1695,3.0554582724047565e+18
1696,3.0645014442342016e+18
1697,3.0674373602240594e+18
1698,3.0698508640630707e+18
1699,3.0741301777127035e+18
1700,3.084759408020815e+18
1701,3.0935069732924826e+18
1702,3.093704120230546e+18
1703,3.0981051012121795e+18
1704,3.099929893005211e+18
1705,3.1011234648351677e+18
1706,3.1323073157941883e+18
1707,3.138288978472229e+18
1708,3.138391097766499e+18
1709,3.1413639328079135e+18
1710,3.1416142234803057e+18
1711,3.143313108426991e+18
1712,3.145543947545273e+18
1713,3.168129072523892e+18
1714,3.171713058568193e+18
1715,3.1721302326324736e+18
1716,3.1723111475015163e+18
1717,3.180511123085366e+18
1718,3.1896031008625505e+18
1719,3.189716674653102e+18
1720,3.1907463276838446e+18
1721,3.208236912275507e+18
1722,3.239417038287537e+18
1723,3.2399160534498033e+18
1724,3.2438090177654257e+18
1725,3.244161759619811e+18
1726,3.25496965093119e+18
1727,3.2633990286433546e+18
1728,3.266487754898719e+18
1729,3.2816768243001733e+18
1730,3.2836766625006464e+18
1731,3.2850297393154053e+18
1732,3.298458170617151e+18
1733,3.30035472814105e+18
1734,3.3054076643243607e+18
1735,3.310146477267576e+18
1736,3.317155274969706e+18
1737,3.325293327105027e+18
1738,3.349332829148662e+18
1739,3.3571905804762245e+18
1740,3.3589420706401147e+18
1741,3.368810782699707e+18
1742,3.382766033775386e+18
1743,3.387374460671172e+18
1744,3.3886083251575956e+18
1745,3.412899546857107e+18
1746,3.4178077607619057e+18
1747,3.418460059292169e+18
1748,3.4497775629426534e+18
1749,3.4499742589668567e+18
1750,3.45288954534127e+18
1751,3.4685075590422825e+18
1752,3.481377013245109e+18
1753,3.4846583826263777e+18
1754,3.484838033766134e+18
1755,3.5058385060335473e+18
1756,3.5208365121089715e+18
1757,3.527869878986983e+18
1758,3.5388485667359094e+18
1759,3.5396539624995656e+18
1760,3.547267818033375e+18
1761,3.564508291355557e+18
1762,3.577942748217999e+18
1763,3.581858589980922e+18
1764,3.608055657897292e+18
1765,3.617513782951322e+18
1766,3.624040752270504e+18
1767,3.6482911749206753e+18
1768,3.6484339681024154e+18
1769,3.650020840010233e+18
1770,3.6590058616705766e+18
1771,3.6615015648866714e+18
1772,3.6767891306891663e+18
1773,3.690969005630757e+18
1774,3.761754078591412e+18
1775,3.7692265349901527e+18
1776,3.7700801099711923e+18
1777,3.7733853042645473e+18
1778,3.799894642522927e+18
1779,3.808030577717312e+18
1780,3.8082872914540564e+18
1781,3.812255257747567e+18
1782,3.8146018732924513e+18
1783,3.83208378918245e+18
1784,3.8350776541980134e+18
1785,3.849728872985616e+18
1786,3.852013892013555e+18
1787,3.8635284038868065e+18
1788,3.863555659049955e+18
1789,3.8823973511907456e+18
1790,3.8904062350412544e+18
1791,3.9188501258784256e+18
1792,3.9246236118688855e+18
1793,3.9335758446321725e+18
1794,3.946872945001314e+18
1795,3.949969194988727e+18
1796,3.9566373056771896e+18
1797,3.9921940386887987e+18
1798,3.994237653444127e+18
1799,4.013970192009319e+18
1800,4.016038094131938e+18
1801,4.0312120537775575e+18
1802,4.040577396464891e+18
1803,4.041769403587705e+18
1804,4.0479507055082414e+18
1805,4.0584878427642e+18
1806,4.0601076449295206e+18
1807,4.071947572609024e+18
1808,4.092972249718529e+18
1809,4.101786620954364e+18
1810,4.108652981381189e+18
1811,4.1113274768708675e+18
1812,4.121527553615609e+18
1813,4.124646047138513e+18
1814,4.151078971895248e+18
1815,4.1632970423551355e+18
1816,4.174393994376333e+18
1817,4.188042038631374e+18
1818,4.196673098369069e+18
1819,4.226468639183402e+18
1820,4.2274183719613455e+18
1821,4.294335153122262e+18
1822,4.29549840315061e+18
1823,4.304894465346498e+18
1824,4.3167406463259505e+18
1825,4.321022857121232e+18
1826,4.330399579116797e+18
1827,4.3381523559855985e+18
1828,4.3421212225707295e+18
1829,4.346972379617683e+18
1830,4.3514167410212777e+18
1831,4.356218433015849e+18
1832,4.357976109705078e+18
1833,4.382760475828686e+18
1834,4.383317628838384e+18
1835,4.3838640958362527e+18
1836,4.3858005145291924e+18
1837,4.3923424874221624e+18
1838,4.40791138216721e+18
1839,4.4159224956686797e+18
1840,4.4238515307547254e+18
1841,4.4382337076718674e+18
1842,4.440101434638495e+18
1843,4.444349637238629e+18
1844,4.4597920541853614e+18
1845,4.472102779639357e+18
1846,4.476747660977459e+18
1847,4.492043901597448e+18
1848,4.4939592493523113e+18
1849,4.546461438600831e+18
1850,4.561095676872046e+18
1851,4.615875832855335e+18
1852,4.616791134433284e+18
1853,4.633700723648026e+18
1854,4.634297585924619e+18
1855,4.638080045168407e+18
1856,4.641585327153086e+18
1857,4.657795836680097e+18
1858,4.701059680927549e+18
1859,4.77293984694632e+18
1860,4.774457475172505e+18
1861,4.786885549037964e+18
1862,4.829984073972841e+18
1863,4.842752460118445e+18
1864,4.855477802079657e+18
1865,4.877463697428946e+18
1866,4.897876230877676e+18
1867,4.907043028984709e+18
1868,4.940368958289588e+18
1869,4.944181878787389e+18
1870,4.954182895271618e+18
1871,4.983797054030057e+18
1872,5.061134361513606e+18
1873,5.101307547685442e+18
1874,5.111171385861677e+18
1875,5.119899038918431e+18
1876,5.139011045285991e+18
1877,5.240726520132893e+18
1878,5.247484530108842e+18
1879,5.278874752229732e+18
1880,5.30310006135174e+18
1881,5.340608981678092e+18
1882,5.346275470108927e+18
1883,5.357118196850472e+18
1884,5.394064904756356e+18
1885,5.400013302341926e+18
1886,5.471930992004589e+18
1887,5.545995661117275e+18
1888,5.627794144015576e+18
1889,5.651029886722246e+18
1890,5.681730955511549e+18
1891,5.707054490766883e+18
1892,5.786488779441547e+18
1893,5.866776178997842e+18
1894,5.872414858695306e+18
1895,5.895370978284971e+18
1896,5.898456519529216e+18
1897,5.90099525348307e+18
1898,5.979523857732788e+18
1899,6.026664599410121e+18
1900,6.051890630925955e+18
1901,6.090150898230913e+18
1902,6.093003991161232e+18
1903,6.113054694449459e+18
1904,6.115428163277183e+18
1905,6.123281063939345e+18
1906,6.139571313689407e+18
1907,6.149510368723416e+18
1908,6.195015470816559e+18
1909,6.205343362577026e+18
1910,6.236059641125037e+18
1911,6.255551184595596e+18
1912,6.263195482194212e+18
1913,6.289280490860865e+18
1914,6.302229304156032e+18
1915,6.302884275403075e+18
1916,6.305327915424213e+18
1917,6.34634167911085e+18
1918,6.387526137821969e+18
1919,6.405435982774359e+18
1920,6.452798431687393e+18
1921,6.495937183353959e+18
1922,6.502953321116592e+18
1923,6.513126305718468e+18
1924,6.521401526417714e+18
1925,6.5735941268645e+18
1926,6.579917221438585e+18
1927,6.607767281316207e+18
1928,6.74074842446729e+18
1929,6.954716118925916e+18
1930,6.956672520356084e+18
1931,6.970298018789299e+18
1932,7.205624859973233e+18
1933,7.24307790973336e+18
1934,7.28045938103748e+18
1935,7.437083159492168e+18
1936,7.519633450012221e+18
1937,7.562582664266086e+18
1938,7.623718697850947e+18
1939,7.634534317763755e+18
1940,7.720043767007592e+18
1941,7.747321905985555e+18
1942,7.786439704727354e+18
1943,7.844033099872227e+18
1944,7.895546276792699e+18
1945,8.122617963224893e+18
1946,8.211597329525855e+18
1947,8.388537445069118e+18
1948,8.402026811055618e+18
1949,8.421841725587022e+18
1950,8.461858974995845e+18
1951,8.484825451193737e+18
1952,8.523361903930356e+18
1953,8.586065730441765e+18
1954,8.674685445024709e+18
1955,8.715545584663898e+18
1956,8.735207432878436e+18
1957,8.766440772076587e+18
1958,8.867661209899411e+18
1959,8.886684959141203e+18
1960,9.10668039000832e+18
1961,9.119597690534175e+18
1962,9.317876969598659e+18
1963,9.72643485651106e+18
1964,9.906225805156164e+18
1965,1.0028591209547454e+19
1966,1.0056990855773927e+19
1967,1.0236766067812936e+19
1968,1.0290507131840606e+19
1969,1.0351092926234757e+19
1970,1.0500636353140625e+19
1971,1.0590087840819718e+19
1972,1.1107498794546022e+19
1973,1.126762050067251e+19
1974,1.1510063082437683e+19
1975,1.1526687786983344e+19
1976,1.1970340510192398e+19
1977,1.351121986818656e+19
1978,1.3873231293609736e+19
1979,1.3939517219608664e+19
1980,1.3958810011255998e+19
1981,1.443493202749931e+19
1982,1.4886394477225818e+19
1983,1.6247207654202292e+19
1984,1.6359880387833623e+19
1985,1.6427313081707119e+19
1986,1.7095857014368512e+19
1987,1.8145187161575746e+19
1988,1.8151705311082043e+19
1989,1.9622825727781028e+19
1990,2.2259337199988904e+19
1991,2.3009448264925573e+19
1992,2.3226017186215813e+19
1993,2.4407345519139308e+19
1994,2.955667087684589e+19
1995,3.2158208303095976e+19
1996,3.289339514280658e+19
1997,3.4607862493736436e+19
1998,3.4898080528338055e+19
1999,4.303008249697292e+19
