Day,Xray_Flux
0.0,4.898397592927564e-07
0.015007503751875938,4.0426105311112395e-07
0.030015007503751877,3.325013079811159e-07
0.04502251125562781,2.7276614832174793e-07
0.060030015007503754,2.2677140388387927e-07
0.0750375187593797,1.8910297691894002e-07
0.09004502251125562,1.5424340054213588e-07
0.10505252626313157,1.282991596604474e-07
0.12006003001500751,1.0836542434104923e-07
0.13506753376688344,8.957025089777008e-08
0.1500750375187594,7.348434725109548e-08
0.16508254127063532,6.246840311929897e-08
0.18009004502251125,5.371825826537582e-08
0.1950975487743872,4.680600936216574e-08
0.21010505252626313,1.161949055396925e-08
0.2251125562781391,1.1085111228680647e-08
0.24012006003001501,9.991409924801831e-09
0.25512756378189094,9.540372192616363e-09
0.27013506753376687,1.0921232897348005e-08
0.28514257128564285,8.10084062222894e-09
0.3001500750375188,1.0771300326239462e-08
0.3151575787893947,8.805724784098159e-09
0.33016508254127064,1.182604843682781e-08
0.34517258629314657,8.519737565689412e-09
0.3601800900450225,1.1013166583941666e-08
0.3751875937968985,9.406939034674817e-09
0.3901950975487744,9.93254018601503e-09
0.40520260130065033,1.0746678878213942e-08
0.42021010505252626,9.760376450459071e-09
0.4352176088044022,9.412012004379588e-09
0.4502251125562782,9.99054169730051e-09
0.4652326163081541,1.0209078862371227e-08
0.48024012006003003,9.491744662927015e-09
0.49524762381190596,1.073757526028516e-08
0.5102551275637819,9.966353779450172e-09
0.5252626313156579,1.1731696976555132e-08
0.5402701350675337,1.071048835648036e-08
0.5552776388194097,1.1088756125635028e-08
0.5702851425712857,9.805649611901272e-09
0.5852926463231616,9.970311430605121e-09
0.6003001500750376,9.070253470188647e-09
0.6153076538269134,1.1078557190193872e-08
0.6303151575787894,9.797008690716485e-09
0.6453226613306654,1.1344405062650988e-08
0.6603301650825413,1.0897815434425786e-08
0.6753376688344173,1.0076642646226104e-08
0.6903451725862931,1.0588872666997847e-08
0.7053526763381691,9.521438844424764e-09
0.720360180090045,8.022057200833273e-09
0.735367683841921,9.433636793522761e-09
0.750375187593797,1.0662888869270181e-08
0.7653826913456728,6.8635692421748965e-09
0.7803901950975488,9.231087254124722e-09
0.7953976988494247,1.1672095304705178e-08
0.8104052026013007,1.0699505726090168e-08
0.8254127063531767,1.1874546897532151e-08
0.8404202101050525,9.501603251172948e-09
0.8554277138569285,9.509495138844588e-09
0.8704352176088044,1.073282215502141e-08
0.8854427213606804,1.0292597987963103e-08
0.9004502251125563,1.0603946864850574e-08
0.9154577288644322,9.78582851978468e-09
0.9304652326163082,9.144043684874977e-09
0.9454727363681841,1.0878493975568433e-08
0.9604802401200601,1.0243708611566687e-08
0.975487743871936,9.661176329877853e-09
0.9904952476238119,1.0755894047342393e-08
1.0055027513756878,1.1451193341861615e-08
1.0205102551275638,6.29645669221231e-07
1.0355177588794398,5.171038350878693e-07
1.0505252626313157,4.2603760278100557e-07
1.0655327663831917,3.4839570973963454e-07
1.0805402701350675,2.876950869927563e-07
1.0955477738869435,2.3857275910254705e-07
1.1105552776388194,1.9855842801637335e-07
1.1255627813906954,1.6273137583914248e-07
1.1405702851425714,1.344638126688494e-07
1.1555777888944472,1.1189279092972229e-07
1.1705852926463232,9.259946840026232e-08
1.1855927963981991,7.696456768925934e-08
1.2006003001500751,6.682951724671149e-08
1.2156078039019511,5.553121451375407e-08
1.2306153076538269,4.909191572340507e-08
1.2456228114057029,4.156275464477102e-08
1.2606303151575788,3.5235071403774786e-08
1.2756378189094548,3.072145816932751e-08
1.2906453226613308,2.7421642807072084e-08
1.3056528264132066,2.5244884212408786e-08
1.3206603301650826,2.3066563380099243e-08
1.3356678339169585,1.8298483283298158e-08
1.3506753376688345,1.864613089905357e-08
1.3656828414207105,1.7438632105627785e-08
1.3806903451725863,1.5326733035437453e-08
1.3956978489244622,1.3897225400016344e-08
1.4107053526763382,1.3342138139718593e-08
1.4257128564282142,1.2495374252336979e-08
1.44072036018009,1.1236629061122332e-08
1.455727863931966,1.1636184418004231e-08
1.470735367683842,1.144130606454461e-08
1.485742871435718,1.1160750207076424e-08
1.500750375187594,1.0345296957114606e-08
1.5157578789394697,1.1089722125870904e-08
1.5307653826913457,8.915701588272486e-09
1.5457728864432216,9.151170848406547e-09
1.5607803901950976,1.0516297798867656e-08
1.5757878939469736,1.2105199257259964e-08
1.5907953976988494,1.0582017644903872e-08
1.6058029014507254,8.953779624203681e-09
1.6208104052026013,1.0678455123602314e-08
1.6358179089544773,9.603645452788953e-09
1.6508254127063533,1.1187598046239808e-08
1.665832916458229,9.749633121636745e-09
1.680840420210105,1.05670569423838e-08
1.695847923961981,1.0913561855149113e-08
1.710855427713857,9.930629415305348e-09
1.725862931465733,1.009628716633679e-08
1.7408704352176088,1.2223758625451944e-08
1.7558779389694847,1.0011457042924106e-08
1.7708854427213607,1.0401678687465591e-08
1.7858929464732367,9.358001904268617e-09
1.8009004502251127,8.983730691947387e-09
1.8159079539769885,1.0089134891312399e-08
1.8309154577288644,1.0257450022293705e-08
1.8459229614807404,1.1368463145856746e-08
1.8609304652326164,1.0367047017581523e-08
1.8759379689844924,1.0902637946238632e-08
1.8909454727363681,1.0780919786333778e-08
1.9059529764882441,9.619067294490688e-09
1.9209604802401201,9.37203574594179e-09
1.935967983991996,9.925546884266173e-09
1.950975487743872,8.157709101750755e-09
1.9659829914957478,9.03578314447689e-09
1.9809904952476238,8.235988018531621e-09
1.9959979989994998,9.43000103217676e-09
2.0110055027513756,1.1171314244295152e-08
2.0260130065032516,1.054900921452649e-08
2.0410205102551275,1.0043962669448145e-08
2.0560280140070035,1.1668930609965018e-08
2.0710355177588795,9.14273538190894e-09
2.0860430215107555,9.81502287648905e-09
2.1010505252626315,8.110221892737436e-09
2.1160580290145075,9.448133430302413e-09
2.1310655327663834,8.142461690306978e-09
2.146073036518259,9.517179098251986e-09
2.161080540270135,9.63524014243565e-09
2.176088044022011,8.967435234191195e-09
2.191095547773887,7.814009163210276e-09
2.206103051525763,1.1815234063214342e-08
2.221110555277639,8.914906670686627e-09
2.236118059029515,1.0559015103200799e-08
2.251125562781391,1.066242641184152e-08
2.266133066533267,9.837652808395417e-09
2.281140570285143,8.748834278536567e-09
2.2961480740370184,5.373136471999615e-07
2.3111555777888944,4.4167830185318357e-07
2.3261630815407703,3.6495145532038776e-07
2.3411705852926463,2.9833571872916306e-07
2.3561780890445223,2.479520347900179e-07
2.3711855927963983,2.0535509435869225e-07
2.3861930965482743,1.6668889775011802e-07
2.4012006003001503,1.3928444129540412e-07
2.4162081040520262,1.1635295734723282e-07
2.4312156078039022,9.840191300005556e-08
2.4462231115557778,8.171732668794058e-08
2.4612306153076537,6.821100317315264e-08
2.4762381190595297,5.6441416824609665e-08
2.4912456228114057,5.032367848667747e-08
2.5062531265632817,4.5018981836342285e-08
2.5212606303151577,3.670360931854415e-08
2.5362681340670337,3.188562450294642e-08
2.5512756378189096,2.6632622054297048e-08
2.5662831415707856,2.5313984282744553e-08
2.5812906453226616,2.0844260378029677e-08
2.596298149074537,1.8917687745605878e-08
2.611305652826413,1.0646174671574239e-08
2.626313156578289,1.2410987866311489e-08
2.641320660330165,1.2753613708183497e-08
2.656328164082041,9.115330886194515e-09
2.671335667833917,9.229594599854552e-09
2.686343171585793,1.0654722870551577e-08
2.701350675337669,1.076348076007334e-08
2.716358179089545,9.557771766724033e-09
2.731365682841421,1.0025255461565459e-08
2.7463731865932965,1.0008144300047183e-08
2.7613806903451725,1.0624870597470329e-08
2.7763881940970485,1.0105456292804268e-08
2.7913956978489245,1.1946221736181971e-08
2.8064032016008005,8.841894459606615e-09
2.8214107053526765,8.146173776069208e-09
2.8364182091045524,9.427816594865335e-09
2.8514257128564284,1.2411679765375066e-08
2.8664332166083044,1.1848816204583127e-08
2.88144072036018,1.0883061203757604e-08
2.896448224112056,8.996401413533842e-09
2.911455727863932,7.489610252015027e-09
2.926463231615808,1.0086014640155628e-08
2.941470735367684,1.0463839932050822e-08
2.95647823911956,9.186164128179097e-09
2.971485742871436,9.90696895402106e-05
2.986493246623312,8.111214595256367e-05
3.001500750375188,6.641001928897918e-05
3.016508254127064,5.437350360198425e-05
3.0315157578789393,4.451909859202384e-05
3.0465232616308153,3.6452872097483526e-05
3.0615307653826913,2.9845779400484452e-05
3.0765382691345673,2.4438202689621203e-05
3.0915457728864433,2.0008434484616846e-05
3.1065532766383193,1.63839258392139e-05
3.1215607803901952,1.3414459569327547e-05
3.1365682841420712,1.098647646622447e-05
3.151575787893947,8.996416254101215e-06
3.166583291645823,7.366763031462166e-06
3.1815907953976987,1.054068965380761e-08
3.1965982991495747,9.755505613810764e-09
3.2116058029014507,1.0964431106785579e-08
3.2266133066533267,9.268904925599762e-09
3.2416208104052027,1.0036129655304834e-08
3.2566283141570787,1.0980127881173802e-08
3.2716358179089546,9.288520013238811e-09
3.2866433216608306,1.0597057474060811e-08
3.3016508254127066,9.139110296450608e-09
3.3166583291645826,7.857593156192655e-09
3.331665832916458,1.1873297078657892e-08
3.346673336668334,9.965516061714785e-09
3.36168084042021,1.0020537636097034e-08
3.376688344172086,1.0911983945261737e-08
3.391695847923962,1.0799257445364109e-08
3.406703351675838,1.1348210219725696e-08
3.421710855427714,8.404174417576752e-09
3.43671835917959,1.0840409693452908e-08
3.451725862931466,1.0144019312784355e-08
3.466733366683342,1.1053891264647987e-08
3.4817408704352175,1.0844240224611594e-08
3.4967483741870935,9.78382925374127e-09
3.5117558779389695,1.070579277044902e-08
3.5267633816908455,2.623790734999778e-07
3.5417708854427215,2.1751968513489286e-07
3.5567783891945974,1.8021104892081578e-07
3.5717858929464734,1.49646092603439e-07
3.5867933966983494,1.2473017471600693e-07
3.6018009004502254,1.0287528154443236e-07
3.6168084042021014,8.801860930620932e-08
3.631815907953977,7.255266406291635e-08
3.646823411705853,6.290456547000854e-08
3.661830915457729,1.3627535599365102e-06
3.676838419209605,1.1167361569347058e-06
3.691845922961481,9.168341700559683e-07
3.706853426713357,7.537510505983331e-07
3.721860930465233,6.181016875696762e-07
3.736868434217109,5.083215968500985e-07
3.7518759379689848,4.1604772363415527e-07
3.7668834417208608,3.434085290561508e-07
3.7818909454727363,2.827288097988167e-07
3.7968984492246123,2.3269522199524305e-07
3.8119059529764883,1.9357171787350364e-07
3.8269134567283642,1.5468916747041617e-07
3.8419209604802402,1.279863211930254e-07
3.856928464232116,1.071269981181341e-07
3.871935967983992,8.884700313591782e-08
3.886943471735868,7.366933592707898e-08
3.901950975487744,6.237937550864186e-08
3.9169584792396197,5.34008061142625e-08
3.9319659829914957,4.659658032543406e-08
3.9469734867433717,3.83511502166872e-08
3.9619809904952477,3.3059345443860834e-08
3.9769884942471236,2.9346110664135805e-08
3.9919959979989996,1.0080414302099147e-08
4.007003501750876,1.0846574492921817e-08
4.022011005502751,1.5240889669142352e-06
4.037018509254628,1.2507881225037983e-06
4.052026013006503,1.2991413078681726e-06
4.0670335167583795,1.0655901682675819e-06
4.082041020510255,8.745601193134148e-07
4.0970485242621315,7.15576816412029e-07
4.112056028014007,5.884860201457253e-07
4.1270635317658835,4.828350289699469e-07
4.142071035517759,3.982726683841157e-07
4.1570785392696346,3.284599247367823e-07
4.172086043021511,2.708947917541895e-07
4.1870935467733865,4.6141136302784083e-07
4.202101050525263,3.791101313021419e-07
4.2171085542771385,3.130682097415867e-07
4.232116058029015,2.5856545739339524e-07
4.2471235617808905,2.1295160723979637e-07
4.262131065532767,1.775187729997433e-07
4.277138569284642,1.447569084896703e-07
4.292146073036518,1.222700281762554e-07
4.307153576788394,1.0107407051834546e-07
4.32216108054027,8.352798769260975e-08
4.337168584292146,6.255612973139478e-08
4.352176088044022,5.541464129806059e-08
4.367183591795898,4.700514488317523e-08
4.382191095547774,2.3427957129719965e-08
4.39719859929965,2.0846637948357832e-08
4.412206103051526,1.9650288511661458e-08
4.427213606803402,1.6540434489696247e-08
4.442221110555278,1.6729606863020583e-08
4.457228614307153,8.57482429165738e-09
4.47223611805903,8.443453598204976e-09
4.487243621810905,9.923291683127695e-09
4.502251125562782,1.0353395859477724e-08
4.517258629314657,1.0693612050837925e-08
4.532266133066534,9.164568277252461e-09
4.547273636818409,8.895096277866494e-09
4.562281140570286,1.0553894533010026e-08
4.577288644322161,1.0059082402928366e-08
4.592296148074037,1.0296216072574712e-08
4.607303651825913,1.0164318773427147e-08
4.622311155577789,1.0385173246214957e-08
4.637318659329665,1.0823512351313284e-08
4.652326163081541,1.0800360970731119e-08
4.667333666833417,1.0069541203399455e-08
4.682341170585293,1.0015039877039374e-08
4.697348674337169,9.749386048838066e-09
4.712356178089045,8.310828703000812e-09
4.727363681840921,1.0872101318721328e-08
4.742371185592797,8.436359461767805e-09
4.757378689344672,1.0156487340907382e-08
4.7723861930965485,1.0082285186256487e-08
4.787393696848424,1.1036573045429075e-08
4.8024012006003005,1.1452892427463462e-08
4.817408704352176,1.009739478030924e-08
4.8324162081040525,1.0079263427793027e-08
4.847423711855928,8.339762892306733e-09
4.8624312156078044,8.105502212789903e-09
4.87743871935968,1.0113172173764387e-08
4.8924462231115555,8.572855837321266e-09
4.907453726863432,7.945613664066493e-09
4.9224612306153075,9.615143864560232e-09
4.937468734367184,1.041619028784108e-08
4.9524762381190595,1.224212141913655e-08
4.967483741870936,1.046618037678823e-08
4.982491245622811,1.0082314236231784e-08
4.997498749374688,1.073516680502923e-08
5.012506253126563,1.066260462319178e-08
5.027513756878439,1.0202272306681039e-08
5.042521260630315,8.622713036660185e-09
5.057528764382191,8.924019228626837e-09
5.072536268134067,9.262189277157849e-09
5.087543771885943,8.662652024533123e-09
5.102551275637819,1.0738499453592136e-08
5.117558779389695,1.2024798656320414e-08
5.132566283141571,1.1082589508691222e-08
5.147573786893447,1.0459268430231454e-08
5.162581290645323,1.0065146716595794e-08
5.177588794397199,9.046235659118092e-09
5.192596298149074,8.992023900811294e-09
5.207603801900951,8.66880556301028e-09
5.222611305652826,8.668514505693139e-09
5.237618809404703,1.0714164893641339e-08
5.252626313156578,9.162916481034736e-09
5.267633816908455,1.0679466190227704e-08
5.28264132066033,9.980197742303175e-09
5.297648824412207,1.0452795458590608e-08
5.312656328164082,1.0619441822939809e-08
5.327663831915958,1.0694317732076815e-08
5.342671335667834,1.0969725728956472e-08
5.35767883941971,9.082319352001585e-09
5.372686343171586,1.1444389756020453e-08
5.387693846923462,1.037043591263963e-08
5.402701350675338,8.796434149670488e-09
5.417708854427214,9.389942840217745e-09
5.43271635817909,1.0215073405601433e-08
5.447723861930966,9.012312784761724e-09
5.462731365682842,5.23407669853501e-06
5.4777388694347176,5.148017398607957e-06
5.492746373186593,4.215961353515018e-06
5.5077538769384695,3.4527710524919777e-06
5.522761380690345,2.829101303536424e-06
5.5377688844422215,3.9621719753660403e-07
5.552776388194097,3.259845031769553e-07
5.5677838919459735,2.6799537590318845e-07
5.582791395697849,2.2242923329794456e-07
5.597798899449725,1.8191189765008375e-07
5.612806403201601,1.5213041624920908e-07
5.6278139069534765,1.280496430420628e-07
5.642821410705353,1.0547337928864988e-07
5.6578289144572285,8.913212222266372e-08
5.672836418209105,7.437334184647689e-08
5.68784392196098,6.349079205942865e-08
5.702851425712857,5.348437207973921e-08
5.717858929464732,4.5155549836730276e-08
5.732866433216609,3.724091530701085e-08
5.747873936968484,3.195421655321738e-08
5.76288144072036,2.88709893710317e-08
5.777888944472236,2.5774718230212504e-08
5.792896448224112,2.2018731131619646e-08
5.807903951975988,1.2556751791302977e-08
5.822911455727864,9.470230386393007e-09
5.83791895947974,1.222685001570618e-08
5.852926463231616,1.0281246729041099e-08
5.867933966983492,1.0673935055604132e-08
5.882941470735368,8.989694257594429e-09
5.897948974487244,9.553080201539832e-09
5.91295647823912,1.1050128869901847e-08
5.927963981990995,7.495538307339775e-09
5.942971485742872,7.716646665604227e-09
5.957978989494747,1.0507082617932871e-08
5.972986493246624,9.964101587926864e-09
5.987993996998499,8.409853388896758e-09
6.003001500750376,9.75447219088649e-09
6.018009004502251,8.234375973010546e-09
6.033016508254128,9.407426613312089e-09
6.048024012006003,9.005232974716363e-09
6.063031515757879,1.0047725232998093e-08
6.078039019509755,1.0619495638677303e-08
6.093046523261631,8.977163144077413e-09
6.108054027013507,9.662518437188555e-09
6.123061530765383,8.680980057478693e-09
6.138069034517259,9.259349191780999e-09
6.153076538269135,1.063318382328138e-08
6.168084042021011,9.177809893273351e-09
6.1830915457728866,1.1284686280875769e-08
6.198099049524763,8.08640810656957e-09
6.2131065532766385,9.922731819455994e-09
6.228114057028514,1.0716311101321912e-08
6.2431215607803905,9.109415758672079e-09
6.258129064532266,1.2599922507451978e-08
6.2731365682841425,1.0908307378893454e-08
6.288144072036018,9.593457957286788e-09
6.303151575787894,1.1095512046952875e-08
6.31815907953977,1.032020524182341e-08
6.333166583291646,9.588707794863002e-09
6.348174087043522,1.1339785803045062e-08
6.3631815907953975,1.0480389300311138e-08
6.378189094547274,8.832431903934072e-09
6.393196598299149,1.1003291204485641e-08
6.408204102051026,9.39160968004578e-09
6.423211605802901,9.443265526161853e-09
6.438219109554778,1.0042840877804267e-08
6.453226613306653,1.0717888763652024e-08
6.46823411705853,7.927127921637222e-09
6.483241620810405,8.360002369067602e-09
6.498249124562282,1.1841729615207113e-08
6.513256628314157,8.617524329591103e-09
6.528264132066033,9.137982214684145e-09
6.543271635817909,8.161037733538368e-05
6.558279139569785,6.68171856957356e-05
6.573286643321661,5.470875935176284e-05
6.588294147073537,4.4791176076410314e-05
6.603301650825413,0.00011231514541020273
6.618309154577289,9.195793575766198e-05
6.633316658329165,7.529205203739796e-05
6.648324162081041,6.164506412343034e-05
6.663331665832916,5.0472401584482594e-05
6.678339169584793,4.132396028562008e-05
6.693346673336668,3.3836491039488245e-05
6.708354177088545,1.8662230332571645e-05
6.72336168084042,1.5282859037893923e-05
6.738369184592297,1.2514263760003375e-05
6.753376688344172,1.173959770803888e-05
6.768384192096049,9.612211887869548e-06
6.783391695847924,7.871068124345705e-06
6.7983991995998,8.292866688235022e-07
6.813406703351676,6.814071212397579e-07
6.828414207103552,5.578649066308419e-07
6.843421710855428,4.5874294351257206e-07
6.858429214607304,3.782140434422563e-07
6.87343671835918,3.1051695852437653e-07
6.888444222111056,2.560978667808002e-07
6.903451725862932,2.1152702197259336e-07
6.9184592296148075,1.1113852659781118e-08
6.933466733366684,8.566368663052504e-09
6.9484742371185595,9.014112693024709e-09
6.963481740870435,9.276981098227764e-09
6.9784892446223115,9.865675337930707e-09
6.993496748374187,9.82305999287034e-09
7.008504252126063,9.347137480263653e-09
7.023511755877939,1.0180799561440467e-08
7.038519259629815,1.0374622092424714e-08
7.053526763381691,1.1233062173606058e-08
7.068534267133567,1.068411604647372e-08
7.083541770885443,9.573574989490151e-09
7.098549274637318,1.0637706972424523e-08
7.113556778389195,1.0982883058809764e-08
7.12856428214107,9.421181897103823e-09
7.143571785892947,9.73626034440766e-09
7.158579289644822,1.0933266770945691e-08
7.173586793396699,9.996542262512279e-09
7.188594297148574,8.752306982493336e-09
7.203601800900451,1.0219420780526068e-08
7.218609304652326,9.89408941229435e-09
7.233616808404203,9.031747689394244e-09
7.248624312156078,7.338793548791851e-09
7.263631815907954,9.925761162125635e-09
7.27863931965983,9.240819053711666e-09
7.293646823411706,9.045898513602869e-09
7.308654327163582,1.0724034224054442e-08
7.323661830915458,9.31368629861188e-09
7.338669334667334,9.841363933476068e-09
7.35367683841921,9.249359324271363e-09
7.368684342171086,1.0148198897438145e-08
7.383691845922962,9.583177174608688e-09
7.398699349674837,8.84938909686112e-09
7.413706853426714,9.15509804649876e-09
7.428714357178589,1.0167677371316783e-08
7.443721860930466,9.769346194314338e-09
7.458729364682341,1.1982476554313426e-08
7.473736868434218,1.1354481069722532e-08
7.488744372186093,9.606025469425246e-09
7.5037518759379696,8.72778372207409e-09
7.518759379689845,8.492820742804111e-09
7.5337668834417215,9.737429847000372e-09
7.548774387193597,1.1179913931500618e-08
7.563781890945473,9.961550321284655e-09
7.578789394697349,9.427269704595604e-09
7.593796898449225,1.02670916347316e-08
7.608804402201101,1.1610931353506496e-08
7.6238119059529765,1.0665134059188166e-08
7.638819409704853,1.1232922948127728e-08
7.6538269134567285,1.1099786165219083e-08
7.668834417208605,1.0717203366422358e-08
7.6838419209604805,9.908073400950442e-09
7.698849424712356,9.36207125757731e-09
7.713856928464232,9.423936137259977e-09
7.728864432216108,9.547249686913063e-09
7.743871935967984,9.458331377015184e-09
7.75887943971986,9.118425646823787e-09
7.773886943471736,1.040003584027941e-08
7.788894447223612,3.4007199408150165e-07
7.803901950975488,2.79880555339898e-07
7.818909454727364,2.2946951014185237e-07
7.833916958479239,1.899530747350818e-07
7.848924462231116,1.5836530775880798e-07
7.863931965982991,1.3034028153528e-07
7.878939469734868,1.0826594024031133e-07
7.893946973486743,9.118167026657622e-08
7.90895447723862,7.591687777588933e-08
7.923961980990495,6.571712575817728e-08
7.938969484742372,5.390101582125075e-08
7.953976988494247,4.5988557862606234e-08
7.968984492246124,4.010628666110421e-08
7.983991995997999,3.459323316259049e-08
7.998999499749875,2.8638004497669387e-08
8.014007003501751,2.821432987303333e-08
8.029014507253628,2.3877058782452225e-08
8.044022011005502,1.0586358382850468e-08
8.059029514757379,1.0363381612147082e-08
8.074037018509255,9.154121748087569e-09
8.089044522261132,1.0754310981797293e-08
8.104052026013006,1.0947481045691798e-08
8.119059529764883,1.0100184158222527e-08
8.134067033516759,9.834802149354633e-09
8.149074537268634,9.31574075354254e-09
8.16408204102051,9.938108014582518e-09
8.179089544772387,1.0583228495454685e-08
8.194097048524263,9.491543502820396e-09
8.209104552276138,1.0554814610791272e-08
8.224112056028014,1.0333900903191805e-08
8.23911955977989,9.862936685380984e-09
8.254127063531767,8.316042012627589e-09
8.269134567283642,1.1424797751613595e-08
8.284142071035518,1.0507612360917772e-08
8.299149574787394,1.3368800831207293e-08
8.314157078539269,1.0860448354757939e-08
8.329164582291146,9.076516227597356e-09
8.344172086043022,8.909014575603762e-09
8.359179589794898,9.885207258298874e-09
8.374187093546773,1.0567817098843966e-08
8.38919459729865,9.944928064303043e-09
8.404202101050526,1.0880176204330213e-08
8.419209604802402,9.284695504248691e-09
8.434217108554277,1.022836383075641e-08
8.449224612306153,1.1368714137887449e-08
8.46423211605803,1.1681453416884968e-08
8.479239619809904,9.429061472855895e-09
8.494247123561781,1.0324681787737467e-08
8.509254627313657,1.0594636205267878e-08
8.524262131065534,1.0753978600271406e-08
8.539269634817408,9.50524590730438e-09
8.554277138569285,8.472342505590138e-09
8.569284642321161,8.958498307427668e-09
8.584292146073036,1.0287358662345484e-08
8.599299649824912,1.1078494439138577e-08
8.614307153576789,1.08994575833739e-08
8.629314657328665,1.0165941360063438e-08
8.64432216108054,8.948758230422067e-09
8.659329664832416,5.5043192141900163e-05
8.674337168584293,4.506851283951739e-05
8.68934467233617,3.69014815715289e-05
8.704352176088044,3.021291104814698e-05
8.71935967983992,2.473919633091804e-05
8.734367183591797,2.0255398475459025e-05
8.749374687343671,1.6587051920114044e-05
8.764382191095548,1.358150254984347e-05
8.779389694847424,1.112119200117978e-05
8.7943971985993,9.107248638377586e-06
8.809404702351175,7.457506692605173e-06
8.824412206103052,6.110708500425266e-06
8.839419709854928,5.00294624648475e-06
8.854427213606805,4.098205041559195e-06
8.86943471735868,3.3562761635365907e-06
8.884442221110556,2.751834014766888e-06
8.899449724862432,2.253132772746948e-06
8.914457228614307,1.8471263860880292e-06
8.929464732366183,1.5139745293339437e-06
8.94447223611806,1.2419380245922516e-06
8.959479739869936,1.0185130708592976e-06
8.97448724362181,8.359833586434127e-07
8.989494747373687,6.868913841457184e-07
9.004502251125563,5.63965261275685e-07
9.019509754877438,4.6260288656531134e-07
9.034517258629315,3.7915946180010363e-07
9.049524762381191,3.1254375420948907e-07
9.064532266133067,2.578164542701074e-07
9.079539769884942,8.772065565070752e-09
9.094547273636818,9.335040125385212e-09
9.109554777388695,9.187362229158778e-09
9.124562281140571,9.723693181549597e-09
9.139569784892446,9.779717664099203e-09
9.154577288644322,8.540740444651966e-09
9.169584792396199,1.0288870586552595e-08
9.184592296148073,1.0963377678241429e-08
9.19959979989995,1.0300906819956201e-08
9.214607303651826,9.25082182399777e-07
9.229614807403703,7.594324665804708e-07
9.244622311155577,6.234201936147545e-07
9.259629814907454,5.118895985219994e-07
9.27463731865933,4.210948935507473e-07
9.289644822411207,3.481701235711174e-07
9.304652326163081,2.849542500698906e-07
9.319659829914958,2.3482964811463356e-07
9.334667333666834,1.9426056225532553e-07
9.349674837418709,1.6031000644701905e-07
9.364682341170585,1.3482338345447894e-07
9.379689844922462,1.1291171448323023e-07
9.394697348674338,9.427147910573617e-08
9.409704852426213,7.766069203089985e-08
9.42471235617809,6.681216357187871e-08
9.439719859929966,5.435917852649359e-08
9.454727363681842,1.0568499994924138e-08
9.469734867433717,8.87822252286282e-09
9.484742371185593,8.902201400826551e-09
9.49974987493747,1.1258422959428247e-08
9.514757378689344,9.526426431019103e-09
9.52976488244122,9.2038744124192e-09
9.544772386193097,2.0064457528268197e-06
9.559779889944974,1.6428816493700844e-06
9.574787393696848,1.346639679060833e-06
9.589794897448725,1.1055087277717212e-06
9.604802401200601,9.071320384219531e-07
9.619809904952476,8.762374677551835e-09
9.634817408704352,9.543525242997111e-09
9.649824912456229,9.539149354830934e-09
9.664832416208105,7.473156633369715e-09
9.67983991995998,2.4727342396992233e-07
9.694847423711856,2.0237386852184774e-07
9.709854927463732,1.683807207588035e-07
9.724862431215609,1.3929260577057242e-07
9.739869934967484,1.1687467475046788e-07
9.75487743871936,9.779063668280637e-08
9.769884942471236,8.025374805138769e-08
9.784892446223111,6.825710875549473e-08
9.799899949974987,5.699844498013779e-08
9.814907453726864,4.946951474566183e-08
9.82991495747874,4.034032812021048e-08
9.844922461230615,3.732895838373303e-08
9.859929964982491,3.0087213621572895e-08
9.874937468734368,2.6454483616095123e-08
9.889944972486244,2.5087452982976878e-08
9.904952476238119,2.2522265350840994e-08
9.919959979989995,1.9642038930313766e-08
9.934967483741872,1.810804115720875e-08
9.949974987493746,1.655537533994978e-08
9.964982491245623,1.5123186921980198e-08
9.9799899949975,1.4357586312070571e-08
9.994997498749376,1.2957041518254888e-08
10.01000500250125,1.1668302662467607e-08
10.025012506253127,1.0364728516385333e-08
10.040020010005003,1.0992053927981043e-08
10.055027513756878,1.027378505531249e-08
10.070035017508754,1.0084556007652339e-08
10.08504252126063,9.226369627758446e-09
10.100050025012507,9.265766892074492e-09
10.115057528764382,7.306061132205e-09
10.130065032516258,1.0540943896150737e-08
10.145072536268135,8.637048480907874e-09
10.160080040020011,1.040700109208867e-08
10.175087543771886,8.588761352306751e-09
10.190095047523762,9.223587270593036e-09
10.205102551275639,1.0558463756433388e-08
10.220110055027513,9.906465461388265e-09
10.23511755877939,1.1123934643637887e-08
10.250125062531266,1.0291668465119528e-08
10.265132566283143,8.826204993202337e-09
10.280140070035017,1.1340153975609953e-08
10.295147573786894,1.0207048017198187e-08
10.31015507753877,1.196100388411095e-08
10.325162581290646,1.1595890748753799e-08
10.340170085042521,9.008408950783147e-09
10.355177588794398,1.1004383153685671e-08
10.370185092546274,9.590819853155728e-09
10.385192596298149,1.079505884778679e-08
10.400200100050025,8.866180616961053e-09
10.415207603801901,9.239511172385666e-09
10.430215107553778,8.644119189914287e-09
10.445222611305653,9.836085603068154e-09
10.460230115057529,9.10711753612017e-09
10.475237618809405,9.298642227469955e-09
10.490245122561282,1.053115080082973e-08
10.505252626313156,8.128198188539024e-09
10.520260130065033,1.0346598907240058e-08
10.53526763381691,8.24986130546777e-09
10.550275137568784,9.848900018411914e-09
10.56528264132066,9.544126146254669e-09
10.580290145072537,1.0092114591318723e-08
10.595297648824413,1.014354634255268e-08
10.610305152576288,9.140940092659882e-09
10.625312656328164,1.006853736614301e-08
10.64032016008004,9.177591324064294e-09
10.655327663831915,8.295952637831395e-09
10.670335167583792,1.0840394014183115e-08
10.685342671335668,9.62022681421784e-09
10.700350175087545,1.110904159016746e-08
10.71535767883942,1.0007494587906188e-08
10.730365182591296,9.139000611581351e-09
10.745372686343172,1.0312249597897982e-08
10.760380190095049,9.570883136245487e-09
10.775387693846923,9.29866978669095e-09
10.7903951975988,9.492287221254866e-09
10.805402701350676,9.743245117263339e-09
10.82041020510255,9.295237998683479e-09
10.835417708854427,9.499790546040378e-09
10.850425212606304,1.0387053864619005e-08
10.86543271635818,1.0843684387889564e-08
10.880440220110055,1.0431563584941966e-08
10.895447723861931,1.0483783162401129e-08
10.910455227613808,8.448689851489977e-09
10.925462731365684,1.1317050539712739e-08
10.940470235117559,1.073969206409239e-08
10.955477738869435,9.34255577854886e-09
10.970485242621312,1.0860831146321834e-08
10.985492746373186,1.1310771640363783e-08
11.000500250125063,1.200113976300464e-08
11.015507753876939,8.622241149951027e-09
11.030515257628815,1.0127773649330657e-08
11.04552276138069,8.723012671848406e-09
11.060530265132567,1.019501345045523e-08
11.075537768884443,1.1301122760202705e-08
11.090545272636318,1.1024534920996809e-08
11.105552776388194,1.0958250004752445e-08
11.12056028014007,1.0147840406934238e-08
11.135567783891947,1.212730840872412e-08
11.150575287643822,1.0307491588142312e-08
11.165582791395698,1.0462518903816398e-08
11.180590295147574,9.191329351916253e-09
11.19559779889945,9.903796502243867e-09
11.210605302651325,1.0496822308431456e-08
11.225612806403202,8.967622564674192e-09
11.240620310155078,9.405054943415241e-09
11.255627813906953,2.7479534652578925e-07
11.27063531765883,2.2839244406181109e-07
11.285642821410706,1.8627271305816555e-07
11.300650325162582,1.5670736080445396e-07
11.315657828914457,1.2661588377613947e-07
11.330665332666333,1.0886591109898284e-07
11.34567283641821,1.0353959674649712e-08
11.360680340170086,9.6066103755818e-09
11.37568784392196,1.1619106225458295e-08
11.390695347673837,9.938171133186335e-09
11.405702851425714,9.553929539628969e-09
11.420710355177588,9.765866122192625e-09
11.435717858929465,9.011468612213673e-09
11.450725362681341,9.708772343193646e-09
11.465732866433218,1.0968702685764293e-08
11.480740370185092,1.0560436192041618e-08
11.495747873936969,1.0507872607475732e-08
11.510755377688845,1.016845870455181e-08
11.52576288144072,8.334023619108017e-09
11.540770385192596,9.51019542869e-09
11.555777888944473,9.693317404149747e-09
11.570785392696349,1.187949624280285e-08
11.585792896448224,1.023635820001739e-08
11.6008004002001,1.0750861897389048e-08
11.615807903951977,9.697253338065922e-09
11.630815407703853,9.55970276815151e-09
11.645822911455728,9.215098900753603e-09
11.660830415207604,8.955256635601834e-09
11.67583791895948,1.0895617593624712e-08
11.690845422711355,9.805256205989004e-09
11.705852926463232,1.0524242162213878e-08
11.720860430215108,1.0540445593466435e-08
11.735867933966984,9.706957460484184e-09
11.75087543771886,8.60247248329044e-09
11.765882941470736,9.17602864350353e-09
11.780890445222612,1.0238757199180193e-08
11.795897948974488,6.926621994476379e-09
11.810905452726363,9.14601372669089e-09
11.82591295647824,1.1152747731472078e-08
11.840920460230116,1.1075297860656915e-08
11.85592796398199,1.0782352946721631e-08
11.870935467733867,9.866874668082619e-09
11.885942971485743,1.0772347958946365e-08
11.90095047523762,1.022514466813216e-08
11.915957978989494,9.44359081477219e-09
11.930965482741371,1.0899638063858175e-08
11.945972986493247,9.793080929531461e-09
11.960980490245124,1.0347842768346414e-08
11.975987993996998,1.1124873003783719e-08
11.990995497748875,1.0593138586093615e-08
12.006003001500751,9.627807982363945e-09
12.021010505252626,8.959094189853175e-09
12.036018009004502,1.1803370949180365e-08
12.051025512756379,1.0206389854788985e-08
12.066033016508255,9.662986797235431e-09
12.08104052026013,9.584166207498432e-09
12.096048024012006,1.0396625887447538e-08
12.111055527763883,9.876439424886392e-09
12.126063031515757,9.802469781786887e-09
12.141070535267634,8.0300767640947e-09
12.15607803901951,1.0095780267783219e-08
12.171085542771387,1.119081979083514e-08
12.186093046523261,9.89250498773424e-09
12.201100550275138,1.1632161710012846e-08
12.216108054027014,9.176469696389495e-09
12.23111555777889,9.36110680585311e-09
12.246123061530765,1.1327415791923954e-08
12.261130565282642,1.0112748224544965e-08
12.276138069034518,1.0093485644193008e-08
12.291145572786393,9.555880013031097e-09
12.30615307653827,1.0053732558631003e-08
12.321160580290146,9.990866914117234e-09
12.336168084042022,1.0211497676358021e-08
12.351175587793897,1.1104123312135775e-08
12.366183091545773,9.828188086827573e-09
12.38119059529765,8.024745483769714e-09
12.396198099049526,1.1515373915666807e-08
12.4112056028014,1.0143784231786844e-08
12.426213106553277,1.0421422092212553e-08
12.441220610305153,1.1119583994438285e-08
12.456228114057028,1.0361235455424084e-08
12.471235617808905,9.719646931275408e-09
12.486243121560781,1.1250401095223009e-08
12.501250625312657,1.0643056744485247e-08
12.516258129064532,9.836665742059107e-09
12.531265632816408,7.928362746005765e-09
12.546273136568285,1.1197315850431037e-08
12.56128064032016,9.892720547236882e-09
12.576288144072036,1.3884389962040641e-06
12.591295647823912,1.1400126151694432e-06
12.606303151575789,9.36052163565845e-07
12.621310655327663,7.686166808358508e-07
12.63631815907954,6.314269037464971e-07
12.651325662831416,5.182130133604167e-07
12.666333166583293,1.0430261975798949e-08
12.681340670335167,1.157670855914701e-08
12.696348174087044,1.0672899356318617e-08
12.71135567783892,1.1348333808152627e-08
12.726363181590795,1.1961358513010082e-08
12.741370685342671,1.0267000646119092e-08
12.756378189094548,9.899250941136223e-09
12.771385692846424,9.08041485360135e-09
12.786393196598299,8.11056681458412e-09
12.801400700350175,7.824383876844067e-09
12.816408204102052,1.1881768384397247e-08
12.831415707853928,1.0496090245291023e-08
12.846423211605803,1.0716457362636961e-08
12.86143071535768,9.919921940812205e-09
12.876438219109556,1.0907242975607422e-08
12.89144572286143,9.268499285035845e-09
12.906453226613307,1.0650606558323396e-08
12.921460730365183,1.0336490357312628e-08
12.93646823411706,9.982883357067573e-09
12.951475737868934,1.2438086922460169e-08
12.96648324162081,9.657591565361542e-09
12.981490745372687,8.33501218955411e-09
12.996498249124564,1.0364589781994868e-08
13.011505752876438,9.571393324518679e-09
13.026513256628315,9.2090522662395e-09
13.041520760380191,1.060584070198331e-08
13.056528264132066,9.812025434664855e-09
13.071535767883942,1.0651845314063763e-08
13.086543271635819,1.0123356497609622e-08
13.101550775387695,9.170784802952619e-09
13.11655827913957,1.1014601599341248e-08
13.131565782891446,8.958315679506542e-09
13.146573286643322,9.640044351484155e-09
13.161580790395197,1.0254340312387175e-08
13.176588294147074,8.733240665971069e-09
13.19159579789895,9.291806716686141e-09
13.206603301650826,1.0555115830646314e-08
13.221610805402701,1.1281667473997858e-08
13.236618309154577,8.103952752730404e-09
13.251625812906454,9.55642901123265e-09
13.26663331665833,8.941843905669206e-09
13.281640820410205,1.0713667577801372e-08
13.296648324162081,8.668062949943627e-09
13.311655827913958,1.0302835431271796e-08
13.326663331665833,1.0008519826910104e-08
13.341670835417709,9.887206756414584e-09
13.356678339169585,9.75674531189229e-09
13.371685842921462,9.14121267739855e-09
13.386693346673336,9.816507781437137e-09
13.401700850425213,1.2079090366367294e-08
13.41670835417709,9.891590270680827e-09
13.431715857928966,1.0076206901663055e-08
13.44672336168084,1.0454596348779184e-08
13.461730865432717,9.339814324962384e-09
13.476738369184593,8.805785046063285e-09
13.491745872936468,1.0112743800104968e-08
13.506753376688344,9.048973657479297e-09
13.52176088044022,1.0046345527551377e-08
13.536768384192097,9.657326210066017e-09
13.551775887943972,1.156101262517927e-08
13.566783391695848,9.936791805643218e-09
13.581790895447725,1.1407635280198024e-08
13.5967983991996,1.1615724822237883e-08
13.611805902951476,1.0936446103114298e-08
13.626813406703352,1.1266101109998387e-08
13.641820910455229,8.401702481497835e-09
13.656828414207103,1.1030577618793061e-08
13.67183591795898,9.593531778069347e-09
13.686843421710856,7.91678219922963e-09
13.701850925462733,8.2591899740186e-09
13.716858429214607,8.367747367556858e-09
13.731865932966484,1.1167416449185845e-08
13.74687343671836,9.940421842020888e-09
13.761880940470235,1.111557917878917e-08
13.776888444222111,9.34241638808186e-09
13.791895947973988,9.39401026794171e-09
13.806903451725864,1.1042641674365684e-08
13.821910955477739,9.692025976642742e-09
13.836918459229615,1.0036896028681749e-08
13.851925962981491,1.0093975426530724e-08
13.866933466733368,9.64131910789732e-09
13.881940970485243,1.1075480584619052e-08
13.896948474237119,9.337942163107143e-09
13.911955977988995,1.1415724591917618e-08
13.92696348174087,9.773776427562894e-09
13.941970985492746,1.4872682239513108e-05
13.956978489244623,1.2178021299872923e-05
13.9719859929965,9.97225822293961e-06
13.986993496748374,8.166777832987152e-06
14.00200100050025,6.687920427585236e-06
14.017008504252127,5.479270221531616e-06
14.032016008004003,5.040078142271961e-06
14.047023511755878,4.128658710875027e-06
14.062031015507754,3.3815075972490934e-06
14.07703851925963,2.7703487490795738e-06
14.092046023011505,2.2692882465797614e-06
14.107053526763382,1.8593868152874718e-06
14.122061030515258,1.526729178935714e-06
14.137068534267135,1.2483008007581404e-06
14.15207603801901,1.0251840346576076e-06
14.167083541770886,8.409949604334284e-07
14.182091045522762,6.917323331007548e-07
14.197098549274637,5.678455253403893e-07
14.212106053026513,4.668988161923682e-07
14.22711355677839,3.4358391793160504e-07
14.242121060530266,2.8198982636922654e-07
14.25712856428214,2.337623300946406e-07
14.272136068034017,1.0457474899722221e-08
14.287143571785894,1.1314215037722715e-08
14.30215107553777,9.60329138013236e-09
14.317158579289645,1.1263297987408348e-08
14.332166083041521,8.545490413440041e-09
14.347173586793398,8.356167473659943e-09
14.362181090545272,1.0100311832802024e-08
14.377188594297149,1.149340466421728e-08
14.392196098049025,1.0696629740977164e-08
14.407203601800902,9.149540928518625e-09
14.422211105552776,9.515054714964657e-09
14.437218609304653,9.809678684867025e-09
14.452226113056529,1.1212945014880661e-08
14.467233616808405,1.1643194643364301e-08
14.48224112056028,8.577500469051221e-09
14.497248624312157,1.0056797230426011e-08
14.512256128064033,9.535642617760751e-09
14.527263631815908,9.313434866882057e-09
14.542271135567784,1.0623892609643012e-08
14.55727863931966,9.557432669490852e-09
14.572286143071537,9.409121404506585e-09
14.587293646823412,1.1531515113636345e-08
14.602301150575288,1.1153821700140283e-08
14.617308654327164,1.1699247757192772e-08
14.632316158079039,1.068057287588553e-08
14.647323661830915,1.0787678203142613e-08
14.662331165582792,1.059341610657628e-08
14.677338669334668,9.31211721016073e-09
14.692346173086543,1.0511649649697862e-08
14.70735367683842,9.413444620304666e-09
14.722361180590296,8.594340043577499e-09
14.737368684342172,1.0541948742276226e-08
14.752376188094047,8.876530907119052e-09
14.767383691845923,1.0602029939924402e-08
14.7823911955978,9.076942109687657e-09
14.797398699349674,1.0116255606811854e-08
14.81240620310155,1.0956071964696291e-08
14.827413706853427,9.988611161319558e-09
14.842421210605304,1.1889564176554471e-08
14.857428714357178,9.839118917824314e-09
14.872436218109055,9.620258793997972e-09
14.887443721860931,8.524368416220599e-09
14.902451225612808,9.674417410249908e-09
14.917458729364682,1.1522139280959904e-08
14.932466233116559,1.098612963235915e-08
14.947473736868435,9.45540340266984e-09
14.96248124062031,1.1369965555173775e-08
14.977488744372186,1.0769278644846796e-08
14.992496248124063,9.328176355668909e-09
15.007503751875939,2.511484861282963e-06
15.022511255627814,2.0567837946669214e-06
15.03751875937969,1.6864369093322436e-06
15.052526263131567,1.3817948952842336e-06
15.067533766883443,1.1331409625183517e-06
15.082541270635318,9.312797575277382e-07
15.097548774387194,7.626177623075867e-07
15.11255627813907,6.281634539512086e-07
15.127563781890945,5.154042017102979e-07
15.142571285642822,9.98722660018982e-09
15.157578789394698,2.0355118483022527e-07
15.172586293146574,1.689918940338154e-07
15.18759379689845,1.4166127233921755e-07
15.202601300650326,1.1636281007898437e-07
15.217608804402202,9.759274463037689e-08
15.232616308154077,8.128638240165176e-08
15.247623811905953,6.645637407723833e-08
15.26263131565783,5.935619767727686e-08
15.277638819409706,4.204603243533525e-05
15.29264632316158,3.442583572660466e-05
15.307653826913457,2.818705920554814e-05
15.322661330665333,2.305873648549897e-05
15.33766883441721,1.8880951647514696e-05
15.352676338169085,1.545802266037992e-05
15.367683841920961,1.2660090369635993e-05
15.382691345672837,1.0511317382695048e-05
15.397698849424712,8.606435935863234e-06
15.412706353176588,7.049584732073876e-06
15.427713856928465,5.774957441584408e-06
15.442721360680341,4.727472083432881e-06
15.457728864432216,3.874891511919287e-06
15.472736368184092,3.1723232451161604e-06
15.487743871935969,2.6001787043439872e-06
15.502751375687845,2.1330868420311186e-06
15.51775887943972,8.4553055797067e-09
15.532766383191596,1.1034019937741546e-08
15.547773886943473,9.533155498582935e-09
15.562781390695347,1.0705311181346247e-08
15.577788894447224,1.0343588408523288e-08
15.5927963981991,9.472589743365023e-09
15.607803901950977,8.950962970138767e-09
15.622811405702851,8.816331006841719e-09
15.637818909454728,1.0384478855370773e-08
15.652826413206604,1.1088350865262887e-08
15.667833916958479,9.906516267331696e-09
15.682841420710355,7.820198660212153e-09
15.697848924462232,1.0600125191477622e-08
15.712856428214108,1.0932809988108897e-08
15.727863931965983,9.605720148735462e-09
15.74287143571786,1.1227584063440097e-08
15.757878939469736,1.0192352680049144e-08
15.772886443221612,1.2848899711659403e-08
15.787893946973487,8.326527480156803e-09
15.802901450725363,1.0065425872264974e-08
15.81790895447724,1.0171877031501123e-08
15.832916458229114,1.0017623472379713e-08
15.84792396198099,8.546255503957665e-09
15.862931465732867,1.2670988803030827e-08
15.877938969484743,9.856231285655136e-09
15.892946473236618,1.0419852216538293e-08
15.907953976988495,1.0673125965209936e-08
15.922961480740371,1.0132232959129994e-08
15.937968984492247,1.0019745918497719e-08
15.952976488244122,9.917258987786756e-09
15.967983991995998,8.489596860168596e-09
15.982991495747875,1.038608030178322e-08
15.99799899949975,1.1986916005669631e-08
16.013006503251628,9.383545093195869e-09
16.028014007003502,1.0915317542422635e-08
16.043021510755377,1.1251641902976539e-08
16.058029014507255,1.0178487449633226e-08
16.07303651825913,4.5058850505360955e-07
16.088044022011005,3.7142664713341065e-07
16.103051525762883,3.062980639204875e-07
16.118059029514757,2.541027372993889e-07
16.133066533266632,2.103385388842517e-07
16.14807403701851,1.714216588589795e-07
16.163081540770385,1.1604156364460967e-08
16.178089044522263,9.025996451727938e-09
16.193096548274138,1.026570791921767e-08
16.208104052026012,9.33117389368589e-09
16.22311155577789,1.118462818648694e-08
16.238119059529765,1.0915470286558957e-08
16.25312656328164,9.1044723895649e-09
16.268134067033518,8.321276360165153e-09
16.283141570785393,9.69005755795509e-09
16.298149074537267,1.1181752547444654e-08
16.313156578289146,9.040974997831879e-09
16.32816408204102,9.870233693069998e-09
16.3431715857929,1.1418365813697223e-08
16.358179089544773,8.633616966171625e-09
16.373186593296648,1.151127935581045e-08
16.388194097048526,1.1141009109998484e-08
16.4032016008004,1.021236243128583e-08
16.418209104552275,9.422013081281536e-09
16.433216608304154,1.0513833305787916e-08
16.448224112056028,9.353128019569125e-09
16.463231615807903,9.550406215237736e-09
16.47823911955978,1.0383577418812128e-08
16.493246623311656,1.030281921456304e-08
16.508254127063534,1.0163199344966481e-08
16.52326163081541,8.758469982230515e-09
16.538269134567283,9.622343329424201e-09
16.55327663831916,9.152186519467719e-09
16.568284142071036,1.0064169136750367e-08
16.58329164582291,9.45233657788512e-09
16.59829914957479,9.377284072153332e-09
16.613306653326664,1.0350165130786847e-08
16.628314157078538,1.0737744133490668e-08
16.643321660830416,8.709307647745147e-09
16.65832916458229,8.339704765974143e-09
16.67333666833417,7.750070872244432e-09
16.688344172086044,9.875631490327122e-09
16.70335167583792,8.138257591885328e-09
16.718359179589797,1.1095341457624557e-08
16.73336668334167,1.0698560775767596e-08
16.748374187093546,9.807929012334843e-09
16.763381690845424,1.003318690687188e-08
16.7783891945973,8.55143819202582e-09
16.793396698349174,1.1016234940440547e-08
16.808404202101052,1.1398507889256234e-08
16.823411705852926,9.255022588442275e-09
16.838419209604805,9.610272237850761e-09
16.85342671335668,8.942257439109947e-09
16.868434217108554,8.77181599199484e-09
16.883441720860432,9.487882239132607e-09
16.898449224612307,9.090202758101005e-09
16.91345672836418,9.680556655096413e-09
16.92846423211606,1.0491879972009982e-08
16.943471735867934,9.800242938847632e-09
16.95847923961981,1.1231688127963753e-08
16.973486743371687,8.754557165474556e-09
16.988494247123562,1.1130741416834514e-08
17.003501750875436,8.017392371221782e-09
17.018509254627315,9.526712447084726e-09
17.03351675837919,9.981243292913183e-09
17.048524262131068,1.0967632375347471e-08
17.063531765882942,1.1196896791497728e-08
17.078539269634817,8.773170160321555e-09
17.093546773386695,9.945941207843808e-09
17.10855427713857,1.1779231566293517e-08
17.123561780890444,9.488557814609435e-09
17.138569284642323,8.657212037590314e-09
17.153576788394197,1.1557141308868042e-08
17.168584292146072,1.8129884265272607e-07
17.18359179589795,1.490845927985822e-07
17.198599299649825,1.2567288479821788e-07
17.213606803401703,1.0257436240197114e-07
17.228614307153578,8.618563227548556e-08
17.243621810905452,7.312291244444729e-08
17.25862931465733,6.252162851984533e-08
17.273636818409205,5.216768110338855e-08
17.28864432216108,4.414460469688533e-08
17.303651825912958,3.661205474658277e-08
17.318659329664833,3.3035718068332545e-08
17.333666833416707,2.886635936679593e-08
17.348674337168585,2.6074633497680414e-08
17.36368184092046,2.0924540840219066e-08
17.37868934467234,2.02029322797523e-08
17.393696848424213,1.8370008377881962e-08
17.408704352176088,1.8135166706257256e-08
17.423711855927966,9.0358429077475e-09
17.43871935967984,1.0011774335619845e-08
17.453726863431715,9.643855171717997e-09
17.468734367183593,9.396285590034216e-09
17.483741870935468,9.959159675004888e-09
17.498749374687343,1.0029688586019092e-08
17.51375687843922,7.58594707306276e-09
17.528764382191095,9.976114004992478e-09
17.543771885942974,8.227245888426916e-09
17.55877938969485,9.283923128001487e-09
17.573786893446723,1.0110467216233445e-08
17.5887943971986,1.1915731755837622e-08
17.603801900950476,5.1649371984941945e-06
17.61880940470235,4.231602812839281e-06
17.63381690845423,3.46439281818484e-06
17.648824412206103,2.8405298305795494e-06
17.663831915957978,2.3274784374649256e-06
17.678839419709856,1.9050877577981227e-06
17.69384692346173,1.5627159341701516e-06
17.70885442721361,1.2806858074410968e-06
17.723861930965484,1.0520618866088567e-06
17.73886943471736,8.632608018938483e-07
17.753876938469237,7.085113054668679e-07
17.76888444222111,5.818617499858546e-07
17.783891945972986,4.771619810792621e-07
17.798899449724864,3.9323279697838786e-07
17.81390695347674,3.244459819448179e-07
17.828914457228613,2.666955235614419e-07
17.84392196098049,2.200155135295014e-07
17.858929464732366,1.8220696503674698e-07
17.873936968484244,1.528080002230127e-07
17.88894447223612,1.2671465397394537e-07
17.903951975987994,1.0493997609437724e-07
17.918959479739872,8.679241462431853e-08
17.933966983491747,7.399751945186156e-08
17.94897448724362,9.611345147824276e-09
17.9639819909955,9.878975742006175e-09
17.978989494747374,9.691777624052316e-09
17.99399699849925,1.1282815462008714e-08
18.009004502251127,1.117509700169257e-08
18.024012006003,9.736461620469288e-09
18.039019509754876,1.0358581901034923e-08
18.054027013506754,8.723014925534779e-09
18.06903451725863,1.1548238009617697e-08
18.084042021010507,9.146740923583708e-09
18.099049524762382,9.487552259304332e-09
18.114057028514257,9.130656400568747e-09
18.129064532266135,9.70769897029242e-09
18.14407203601801,1.1565802494092095e-08
18.159079539769884,1.0597230752804571e-08
18.174087043521762,8.526810555716818e-09
18.189094547273637,1.1819880144299433e-08
18.20410205102551,9.946316925878548e-09
18.21910955477739,9.633589249547727e-09
18.234117058529264,9.846899166330548e-09
18.249124562281143,1.026161271768629e-08
18.264132066033017,1.0613928786831987e-08
18.279139569784892,1.086355241379929e-08
18.29414707353677,1.0198164531228617e-08
18.309154577288645,1.0142715510425208e-08
18.32416208104052,1.08025725190599e-08
18.339169584792398,1.2304104614791008e-08
18.354177088544272,1.0136078423466587e-08
18.369184592296147,1.0685702085428793e-08
18.384192096048025,8.483504885800068e-09
18.3991995997999,7.178943712592418e-09
18.414207103551778,1.0406597361266038e-08
18.429214607303653,1.0378905776318194e-08
18.444222111055527,1.094712700529953e-08
18.459229614807406,9.949507033406501e-09
18.47423711855928,9.958114844590856e-09
18.489244622311155,1.1656865720380671e-08
18.504252126063033,1.2634405164283338e-08
18.519259629814908,1.0384205452564894e-08
18.534267133566782,9.105827188176648e-09
18.54927463731866,9.149812680551817e-09
18.564282141070535,1.1232268634945313e-08
18.579289644822413,9.92663800735687e-09
18.594297148574288,1.108056583799516e-08
18.609304652326163,1.2313162215530109e-08
18.62431215607804,1.1272429962421398e-08
18.639319659829916,1.006258552353306e-08
18.65432716358179,9.694933330583278e-09
18.66933466733367,9.542981602336366e-09
18.684342171085543,1.01789347239641e-08
18.699349674837418,8.60011824724625e-06
18.714357178589296,7.041026665127857e-06
18.72936468234117,5.766458237477544e-06
18.74437218609305,4.724118551416128e-06
18.759379689844923,3.869378706221894e-06
18.774387193596798,3.169496858938696e-06
18.789394697348676,2.5952895198426713e-06
18.80440220110055,2.128641827545173e-06
18.819409704852426,1.7439286344408189e-06
18.834417208604304,1.4306425253735543e-06
18.84942471235618,1.1716442364690685e-06
18.864432216108053,9.621860345971388e-07
18.87943971985993,7.900683455491587e-07
18.894447223611806,6.481509289511263e-07
18.909454727363684,5.319305535002205e-07
18.92446223111556,4.378533436426555e-07
18.939469734867433,3.6014794931601606e-07
18.95447723861931,2.971169707608405e-07
18.969484742371186,2.4461162043387385e-07
18.98449224612306,3.8729008506296395e-06
18.99949974987494,3.1712830527953885e-06
19.014507253626814,2.601306366104059e-06
19.02951475737869,2.026682373148177e-06
19.044522261130567,1.6582162962504879e-06
19.05952976488244,1.359131805776107e-06
19.074537268634316,1.11652167982289e-06
19.089544772386194,9.141458738632429e-07
19.10455227613807,1.0908501479552757e-08
19.119559779889947,9.502187357348339e-09
19.13456728364182,5.376373454546528e-07
19.149574787393696,4.4248651024322036e-07
19.164582291145575,3.648881390146591e-07
19.17958979489745,2.9825174327082675e-07
19.194597298649324,2.482155653462654e-07
19.209604802401202,2.0474883228690904e-07
19.224612306153077,1.692066859249645e-07
19.23961980990495,1.4008186626037185e-07
19.25462731365683,1.1672992427541715e-07
19.269634817408704,9.744547256669542e-08
19.284642321160582,8.066186496111522e-08
19.299649824912457,1.0096308236164426e-08
19.31465732866433,1.1669185778322334e-08
19.32966483241621,1.3957671831297791e-06
19.344672336168085,1.1452395696495446e-06
19.35967983991996,9.384004008799623e-07
19.374687343671837,7.688627670071253e-07
19.389694847423712,6.333099322737318e-07
19.404702351175587,5.20058697393432e-07
19.419709854927465,4.280131770535744e-07
19.43471735867934,3.5208483290732715e-07
19.449724862431218,2.886363222096376e-07
19.464732366183092,2.3882489250924243e-07
19.479739869934967,1.9857217140704245e-07
19.494747373686845,1.6335921870013758e-07
19.50975487743872,1.3620440810315092e-07
19.524762381190595,1.124296661856154e-07
19.539769884942473,9.402561933196873e-08
19.554777388694347,7.825925439139531e-08
19.569784892446222,6.641582340396234e-08
19.5847923961981,5.506008251801703e-08
19.599799899949975,4.899522618842367e-08
19.614807403701853,4.0565603115562766e-08
19.629814907453728,3.5182301988072566e-08
19.644822411205602,2.8921159949216447e-08
19.65982991495748,2.7078344412211254e-08
19.674837418709355,2.2234491357314576e-08
19.68984492246123,2.2017940581519812e-08
19.704852426213108,1.7710987332704445e-08
19.719859929964983,1.5014178873622647e-08
19.734867433716857,1.650363178000853e-08
19.749874937468736,9.191072327132772e-09
19.76488244122061,6.79987790791967e-05
19.77988994497249,5.5674033905128667e-05
19.794897448724363,4.558269702681522e-05
19.809904952476238,3.732293698509067e-05
19.824912456228116,3.0556542324449986e-05
19.83991995997999,2.501977245156667e-05
19.854927463731865,2.048756108363739e-05
19.869934967483744,1.6774155363444023e-05
19.884942471235618,1.3737146461034221e-05
19.899949974987493,1.1248974919125765e-05
19.91495747873937,9.210430162243148e-06
19.929964982491246,7.54332326013493e-06
19.944972486243124,6.176731458104031e-06
19.959979989995,5.05989403401728e-06
19.974987493746873,4.142982630503669e-06
19.98999499749875,3.395619043172138e-06
20.005002501250626,2.782114591626213e-06
20.0200100050025,2.2795536148857684e-06
20.03501750875438,1.8688676266775877e-06
20.050025012506254,6.7397328436708855e-06
20.06503251625813,5.520479225954621e-06
20.080040020010006,4.521687993484681e-06
20.09504752376188,3.701826116621782e-06
20.110055027513756,3.0335373006954336e-06
20.125062531265634,2.4842466850046876e-06
20.14007003501751,2.0380956820237388e-06
20.155077538769387,1.66876644331275e-06
20.17008504252126,1.5477335739371443e-06
20.185092546273136,1.0186977570322365e-06
20.200100050025014,8.348600394944896e-07
20.21510755377689,6.873641039148909e-07
20.230115057528764,5.648730193678876e-07
20.245122561280642,4.6359954962805847e-07
20.260130065032516,3.798215080785161e-07
20.27513756878439,3.154670201606702e-07
20.29014507253627,2.58383874459996e-07
20.305152576288144,2.140885059291063e-07
20.320160080040022,1.759670059382903e-07
20.335167583791897,1.483687369803952e-07
20.35017508754377,1.210553022219583e-07
20.36518259129565,1.0083451764170529e-07
20.380190095047524,8.661822250671877e-08
20.3951975987994,6.990826288699653e-08
20.410205102551277,6.169058052497925e-08
20.425212606303152,5.2495843650663164e-08
20.440220110055026,4.296237906437875e-08
20.455227613806905,3.685709837231757e-08
20.47023511755878,3.175041215235582e-08
20.485242621310658,1.1497457577859198e-08
20.500250125062532,1.25480407997589e-08
20.515257628814407,1.2140509538496046e-08
20.530265132566285,1.2974586371956853e-08
20.54527263631816,3.49699687343414e-07
20.560280140070034,2.886737479045521e-07
20.575287643821913,2.3669682703376422e-07
20.590295147573787,1.9626322135822953e-07
20.605302651325662,1.6113063683602543e-07
20.62031015507754,1.361127591346037e-07
20.635317658829415,1.1271625078648082e-07
20.650325162581293,9.37958271300034e-08
20.665332666333168,7.65847712808816e-08
20.680340170085042,6.559225722321465e-08
20.69534767383692,5.584000423482135e-08
20.710355177588795,4.633189532135446e-08
20.72536268134067,4.1699906088605965e-08
20.740370185092548,3.5570230790059825e-08
20.755377688844423,3.1514083976082424e-08
20.770385192596297,2.6703904285500013e-08
20.785392696348175,9.392368280796836e-09
20.80040020010005,9.606255470427117e-09
20.81540770385193,8.262741645218235e-09
20.830415207603803,8.185347030903985e-09
20.845422711355678,9.695286601236366e-09
20.860430215107556,1.0497337497043506e-08
20.87543771885943,1.0243248453595413e-08
20.890445222611305,1.0274924288343186e-08
20.905452726363183,1.064028055635437e-08
20.920460230115058,1.1390768570527507e-08
20.935467733866933,9.196411024867037e-09
20.95047523761881,9.75239746116659e-09
20.965482741370685,8.85265637922395e-09
20.980490245122564,9.786117193522443e-09
20.99549774887444,1.0789562259105409e-08
21.010505252626313,7.3947950882203925e-09
21.02551275637819,8.762640976742366e-09
21.040520260130066,9.18898463711631e-09
21.05552776388194,1.0079684558239339e-08
21.07053526763382,9.621659579084908e-09
21.085542771385693,1.0947793886859429e-08
21.100550275137568,1.0390585153913333e-08
21.115557778889446,1.2607856878029076e-08
21.13056528264132,1.1123721596204174e-08
21.145572786393195,9.25765726472783e-09
21.160580290145074,9.586214284177417e-09
21.17558779389695,1.1723795241792434e-08
21.190595297648827,9.792402365441513e-09
21.2056028014007,9.272797297594489e-09
21.220610305152576,9.836069160786841e-09
21.235617808904454,1.000921875992222e-08
21.25062531265633,9.523429773376565e-09
21.265632816408203,1.0459901719258842e-08
21.28064032016008,1.0747186629859728e-08
21.295647823911956,8.720615582896968e-09
21.31065532766383,9.52945405750113e-09
21.32566283141571,1.174282390502805e-08
21.340670335167584,1.0946926298858559e-08
21.355677838919462,1.2297789598279363e-08
21.370685342671337,9.420697615186986e-09
21.38569284642321,9.52646627517399e-09
21.40070035017509,9.474098331711022e-09
21.415707853926964,8.463285154912219e-09
21.43071535767884,7.331587229382721e-09
21.445722861430717,9.105808868268797e-09
21.46073036518259,9.907493459711966e-09
21.475737868934466,9.183291806420166e-09
21.490745372686344,9.565912003712735e-09
21.50575287643822,9.25597385958791e-09
21.520760380190097,9.470796742996837e-09
21.535767883941972,8.686562890296946e-09
21.550775387693847,1.10194452050918e-08
21.565782891445725,9.886210661916162e-09
21.5807903951976,1.0499773634637595e-08
21.595797898949474,1.0500451477509483e-08
21.610805402701352,1.0322951492883074e-08
21.625812906453227,9.033858988957145e-09
21.6408204102051,9.732158061614578e-09
21.65582791395698,8.993733139482774e-09
21.670835417708854,9.947153169486193e-09
21.685842921460733,9.295346116407997e-09
21.700850425212607,1.1061613678877415e-08
21.715857928964482,1.1158896653197475e-08
21.73086543271636,8.767115805694974e-09
21.745872936468235,9.925357409129377e-09
21.76088044022011,9.807836900616496e-09
21.775887943971988,8.55774010851566e-09
21.790895447723862,1.1843555660624301e-08
21.805902951475737,9.99291419227082e-09
21.820910455227615,9.994976556541504e-09
21.83591795897949,6.836494157869799e-06
21.850925462731368,5.600073080879832e-06
21.865932966483243,4.586883870892363e-06
21.880940470235117,3.7553503201550755e-06
21.895947973986996,3.0762319712256516e-06
21.91095547773887,2.522161494296791e-06
21.925962981490745,2.521374143919148e-06
21.940970485242623,2.06551207146967e-06
21.955977988994498,1.6924870759056348e-06
21.970985492746372,1.3889455765458845e-06
21.98599299649825,1.1372200785929757e-06
22.001000500250125,9.355914788972984e-07
22.016008004002003,7.652180112223937e-07
22.031015507753878,6.293652132154036e-07
22.046023011505753,5.170704174438455e-07
22.06103051525763,4.264855097199116e-07
22.076038019009506,3.5093602846216334e-07
22.09104552276138,2.883545075291269e-07
22.10605302651326,2.3783154098126825e-07
22.121060530265133,1.9620256702871544e-07
22.136068034017008,1.3627994448970194e-07
22.151075537768886,1.1056849074483321e-07
22.16608304152076,9.224866574557444e-08
22.181090545272635,7.794138137691352e-08
22.196098049024513,6.550881304305e-08
22.211105552776388,9.54418651319245e-09
22.226113056528266,8.595446253204977e-09
22.24112056028014,9.255022683053704e-09
22.256128064032016,9.105916126086893e-09
22.271135567783894,1.032667631806163e-08
22.28614307153577,1.1120557026332216e-08
22.301150575287643,1.052339376101973e-08
22.31615807903952,9.250557463398265e-09
22.331165582791396,8.186796124170891e-09
22.34617308654327,9.14872427266305e-09
22.36118059029515,1.0792442004557885e-08
22.376188094047023,1.0587975868091155e-08
22.3911955977989,1.083272915297458e-08
22.406203101550776,1.0216258802874378e-08
22.42121060530265,9.807815036081153e-09
22.43621810905453,8.341751670643153e-09
22.451225612806404,1.202442691022196e-08
22.46623311655828,9.137317652911976e-09
22.481240620310157,1.0127160960498798e-08
22.49624812406203,8.903430693679075e-09
22.511255627813906,8.202097567105162e-09
22.526263131565784,8.24125721366004e-09
22.54127063531766,9.638977286714797e-09
22.556278139069537,9.203061214160504e-09
22.57128564282141,1.0434226398669052e-08
22.586293146573286,5.296889178691452e-05
22.601300650325165,4.4190997043729305e-05
22.61630815407704,3.618434235342903e-05
22.631315657828914,2.9624639613233918e-05
22.646323161580792,2.8199730029481977e-05
22.661330665332667,2.3089120235932374e-05
22.67633816908454,1.8907055946723176e-05
22.69134567283642,1.547997205471419e-05
22.706353176588294,1.2675923850568395e-05
22.721360680340172,1.037994299421877e-05
22.736368184092047,8.500197892004304e-06
22.75137568784392,6.96079683144892e-06
22.7663831915958,5.7004486698725455e-06
22.781390695347675,4.670084966005082e-06
22.79639819909955,3.824234820061241e-06
22.811405702851427,3.133024500751535e-06
22.826413206603302,2.5662933291620244e-06
22.841420710355177,4.161354987634646e-06
22.856428214107055,3.4093508594134817e-06
22.87143571785893,2.7940300539261275e-06
22.886443221610808,2.2882627272465583e-06
22.901450725362682,2.4301650987262836e-06
22.916458229114557,1.3421644553680398e-06
22.931465732866435,1.0903847736972833e-06
22.94647323661831,8.946346240965964e-07
22.961480740370185,7.345701476296199e-07
22.976488244122063,5.540705529837139e-07
22.991495747873937,4.568536658919844e-07
23.006503251625812,3.7576467428655806e-07
23.02151075537769,3.0878431788957203e-07
23.036518259129565,2.557577700500698e-07
23.05152576288144,2.108381620895463e-07
23.066533266633318,1.7468599774116552e-07
23.081540770385192,1.4445090638332606e-07
23.09654827413707,1.2028027746556188e-07
23.111555777888945,9.874087614269088e-08
23.12656328164082,8.464830698878672e-08
23.141570785392698,4.732410280060808e-08
23.156578289144573,9.508200632325248e-09
23.171585792896447,9.291998189951042e-09
23.186593296648326,9.875733628482062e-09
23.2016008004002,1.0592715973136611e-08
23.216608304152075,8.685755924028042e-09
23.231615807903953,9.940234964210769e-09
23.246623311655828,1.0623849045759899e-08
23.261630815407706,1.0143555192321028e-08
23.27663831915958,1.1506152757325888e-08
23.291645822911455,1.006237460980682e-08
23.306653326663334,9.574011120174603e-09
23.321660830415208,1.0879262390901454e-08
23.336668334167083,1.2043688260540598e-08
23.35167583791896,8.725996127848202e-09
23.366683341670836,1.0081862347120175e-08
23.38169084542271,1.0417018297089301e-08
23.39669834917459,1.0243386883099989e-08
23.411705852926463,8.895685492332876e-09
23.42671335667834,9.194526897722493e-09
23.441720860430216,1.0187605551499952e-08
23.45672836418209,9.71337624632027e-09
23.47173586793397,9.12911014129116e-09
23.486743371685844,1.1162994934832626e-08
23.50175087543772,1.0209806090004281e-08
23.516758379189596,1.0270741100789608e-08
23.53176588294147,9.659052708106336e-09
23.546773386693346,1.1468050466637693e-08
23.561780890445224,9.638698876954086e-09
23.5767883941971,1.0178841550249383e-08
23.591795897948977,9.732453136857409e-09
23.60680340170085,1.1393794358920768e-08
23.621810905452726,9.553714111874613e-09
23.636818409204604,1.0380178656438005e-08
23.65182591295648,1.0555820536690512e-08
23.666833416708354,1.0061835734451227e-08
23.681840920460232,1.0917541828621407e-08
23.696848424212106,9.063671207740732e-09
23.71185592796398,9.052750766118995e-09
23.72686343171586,9.685361209639137e-09
23.741870935467734,9.685227334670968e-09
23.756878439219612,9.763343396066531e-09
23.771885942971487,9.022845306418555e-09
23.78689344672336,8.0326173287208e-09
23.80190095047524,1.1237048361048348e-08
23.816908454227114,8.345822410850453e-09
23.83191595797899,9.379497341997535e-09
23.846923461730867,1.091923116453952e-08
23.861930965482742,9.841590298740482e-09
23.876938469234616,9.223715390339108e-09
23.891945972986495,9.559808311664742e-09
23.90695347673837,1.1404334214086591e-08
23.921960980490248,1.0165639055078263e-08
23.936968484242122,9.976892942600817e-09
23.951975987993997,1.1367434839542983e-08
23.966983491745875,1.1724054397850802e-08
23.98199099549775,7.912188965256506e-09
23.996998499249624,1.1520256940897703e-08
24.012006003001503,8.82484138870589e-09
24.027013506753377,1.0108420020128813e-08
24.042021010505252,9.69088444402298e-09
24.05702851425713,1.0554252321705394e-08
24.072036018009005,9.17457059780507e-09
24.08704352176088,9.86848348493079e-09
24.102051025512758,1.2283984293148762e-08
24.117058529264632,1.0358456980797647e-08
24.13206603301651,1.1361790219200618e-08
24.147073536768385,9.180506385189144e-09
24.16208104052026,9.743215125432021e-09
24.177088544272138,1.0150433929618027e-08
24.192096048024013,1.067453788537616e-08
24.207103551775887,8.735156485379446e-09
24.222111055527765,9.009224476046258e-09
24.23711855927964,1.0355040510474193e-08
24.252126063031515,1.0854728373778917e-08
24.267133566783393,9.250488317101405e-09
24.282141070535268,1.106915508251656e-08
24.297148574287146,9.848701427834292e-09
24.31215607803902,8.074154323734723e-09
24.327163581790895,8.472328743214362e-09
24.342171085542773,7.931567941629241e-09
24.357178589294648,9.014453535397991e-09
24.372186093046523,9.0468042324647e-09
24.3871935967984,1.1185654035816522e-08
24.402201100550275,1.0367434631568378e-08
24.41720860430215,7.919086498789981e-09
24.43221610805403,1.1200338142097921e-08
24.447223611805903,1.0332224793258495e-08
24.46223111555778,9.712175431692104e-09
24.477238619309656,8.842292001128456e-09
24.49224612306153,8.787782810092895e-09
24.50725362681341,1.0410027361011364e-08
24.522261130565283,9.497152778400398e-09
24.537268634317158,1.1573808319960341e-08
24.552276138069036,1.0217869697490267e-08
24.56728364182091,9.500619077856315e-09
24.582291145572785,1.0695216810785205e-08
24.597298649324664,9.46912430132966e-09
24.61230615307654,9.530249521870058e-09
24.627313656828417,9.570259498651534e-09
24.64232116058029,1.1215642991696248e-08
24.657328664332166,1.0524669325663846e-08
24.672336168084044,9.040253466199124e-09
24.68734367183592,8.61003084672242e-09
24.702351175587793,1.084110976045489e-08
24.71735867933967,8.876398868336826e-09
24.732366183091546,1.1146886771342797e-08
24.74737368684342,1.049513093704024e-08
24.7623811905953,1.0796403879537693e-08
24.777388694347174,1.061552084722573e-08
24.792396198099052,8.71879604822607e-06
24.807403701850927,7.1397839326507716e-06
24.8224112056028,5.848467258525407e-06
24.83741870935468,4.7900744799804995e-06
24.852426213106554,3.9250779337336925e-06
24.86743371685843,3.213545162544477e-06
24.882441220610307,2.6342264646573124e-06
24.89744872436218,2.158547997134151e-06
24.912456228114056,1.7686790970804001e-06
24.927463731865934,1.4502079415133577e-06
24.94247123561781,1.1898156070330527e-06
24.957478739369687,9.730843047843488e-07
24.972486243121562,8.017996538505825e-07
24.987493746873437,6.581040966021574e-07
25.002501250625315,5.386814132991433e-07
25.01750875437719,4.4318019928864766e-07
25.032516258129064,3.641788360383809e-07
25.047523761880942,3.020585931034343e-07
25.062531265632817,2.47298591913283e-07
25.07753876938469,2.0684925974214278e-07
25.09254627313657,1.689725334077211e-07
25.107553776888444,1.4057992589807068e-07
25.12256128064032,1.1656024807744511e-07
25.137568784392197,9.804814938155052e-08
25.152576288144072,8.178389953015519e-08
25.16758379189595,6.796332597011164e-08
25.182591295647825,1.0902746693158265e-08
25.1975987993997,1.0060308937105309e-08
25.212606303151578,8.495044189407605e-09
25.227613806903452,1.0073239854248396e-08
25.242621310655327,9.959570683417272e-09
25.257628814407205,1.2783707636823225e-08
25.27263631815908,8.318420351112936e-09
25.287643821910955,1.0277136050570314e-08
25.302651325662833,9.917248444657595e-09
25.317658829414707,1.1022121671878266e-08
25.332666333166586,9.331588700940792e-09
25.34767383691846,1.0613180276780324e-08
25.362681340670335,1.0074278045619271e-08
25.377688844422213,1.1982211339538833e-08
25.392696348174088,1.0927241294931489e-07
25.407703851925962,9.379259816034843e-08
25.42271135567784,7.726848201559409e-08
25.437718859429715,6.28140877463205e-08
25.45272636318159,5.388876328737161e-08
25.467733866933468,4.764935576252969e-08
25.482741370685343,4.1026569823787755e-08
25.49774887443722,3.477004954402469e-08
25.512756378189096,3.243789659856194e-08
25.52776388194097,2.519735971744265e-08
25.54277138569285,2.3135013988727242e-08
25.557778889444723,2.1033909743879775e-08
25.572786393196598,1.869308079999662e-08
25.587793896948476,1.8848368390640113e-08
25.60280140070035,1.5220348627891996e-08
25.617808904452225,1.662096801544759e-08
25.632816408204103,1.3411920890077498e-08
25.647823911955978,1.2362328991481933e-08
25.662831415707856,1.4187284631617109e-08
25.67783891945973,1.3548214173886353e-08
25.692846423211606,9.901309316527092e-09
25.707853926963484,1.0742748852373149e-08
25.72286143071536,1.0650611492455639e-08
25.737868934467233,1.0249505728612151e-08
25.75287643821911,7.290885532419953e-09
25.767883941970986,1.0297705814084457e-08
25.78289144572286,9.135920549974425e-09
25.79789894947474,9.670145615793795e-09
25.812906453226613,1.076795555532044e-08
25.82791395697849,1.03387206603537e-08
25.842921460730366,1.0199223609184652e-08
25.85792896448224,1.2119217994857838e-08
25.87293646823412,1.1711452505911036e-08
25.887943971985994,9.193070794066049e-09
25.90295147573787,9.319560916938233e-09
25.917958979489747,1.0668465461547615e-08
25.93296648324162,1.0318613156051752e-08
25.947973986993496,9.541168296820797e-09
25.962981490745374,9.337278491238796e-09
25.97798899449725,9.12622989072431e-09
25.992996498249127,9.943339110888522e-09
26.008004002001,1.0167617542317595e-08
26.023011505752876,1.1116086658523673e-08
26.038019009504755,9.453877713728009e-09
26.05302651325663,1.1295499699583609e-08
26.068034017008504,9.917779083348691e-09
26.083041520760382,8.589055450058376e-09
26.098049024512257,1.098317099871342e-08
26.11305652826413,8.14148028137506e-09
26.12806403201601,9.835266989420399e-09
26.143071535767884,9.723739999602773e-09
26.15807903951976,1.0030722900772353e-08
26.173086543271637,1.0116678108119951e-08
26.18809404702351,8.922062491081142e-09
26.20310155077539,9.192156691797412e-09
26.218109054527265,8.48334514125021e-09
26.23311655827914,8.211586153660437e-09
26.248124062031017,9.111284243275162e-09
26.263131565782892,9.923854564013089e-09
26.278139069534767,1.1566454339500996e-08
26.293146573286645,1.0205502466259452e-08
26.30815407703852,1.0829447576694473e-08
26.323161580790394,1.103091037167747e-08
26.338169084542272,9.103492148624987e-09
26.353176588294147,4.336909659776452e-06
26.368184092046025,3.5515248900124544e-06
26.3831915957979,2.9116750859025023e-06
26.398199099549775,2.3837055944335287e-06
26.413206603301653,1.9530221423150787e-06
26.428214107053527,1.6005651352060825e-06
26.443221610805402,1.3131759428070068e-06
26.45822911455728,1.0759502165245897e-06
26.473236618309155,8.847962992273064e-07
26.48824412206103,7.262305821794556e-07
26.503251625812908,5.962784157328081e-07
26.518259129564782,9.402920018777937e-09
26.53326663331666,1.0194249702320796e-08
26.548274137068535,1.0567588459927515e-08
26.56328164082041,9.203460349930542e-09
26.578289144572288,1.153563632728011e-08
26.593296648324163,1.0665752282810315e-08
26.608304152076037,1.0247122157733274e-08
26.623311655827916,1.0210416522324796e-08
26.63831915957979,9.894917073534047e-09
26.653326663331665,8.577530751137133e-09
26.668334167083543,9.226218977573368e-09
26.683341670835418,1.0024116413901271e-08
26.698349174587296,1.0850743718857028e-08
26.71335667833917,1.0326261066986973e-08
26.728364182091045,9.141037791520033e-09
26.743371685842924,1.1752832377316245e-08
26.758379189594798,1.187583112254046e-08
26.773386693346673,1.0926075544102104e-08
26.78839419709855,1.0980852630347713e-08
26.803401700850426,9.537222556841148e-09
26.8184092046023,9.93607374887714e-09
26.83341670835418,1.1357090143630789e-08
26.848424212106053,9.993519244131105e-09
26.86343171585793,9.369954997151444e-09
26.878439219609806,9.917338800019327e-09
26.89344672336168,1.0734582541960512e-08
26.90845422711356,8.078423671406951e-09
26.923461730865434,9.618411174094984e-09
26.93846923461731,8.870599489279584e-09
26.953476738369186,9.752176267413888e-09
26.96848424212106,1.0664404297773012e-08
26.983491745872936,8.682156711024155e-09
26.998499249624814,9.626939745802754e-09
27.01350675337669,9.725077546466093e-09
27.028514257128567,9.996912118573224e-09
27.04352176088044,1.2947471672966215e-08
27.058529264632316,1.088841911778104e-08
27.073536768384194,8.910830563858927e-09
27.08854427213607,9.966421769413334e-09
27.103551775887944,9.913092371015238e-09
27.118559279639822,9.645444907325944e-09
27.133566783391696,9.951613458892796e-09
27.14857428714357,9.729374438539768e-09
27.16358179089545,1.0679583189873723e-08
27.178589294647324,1.0477630260048077e-08
27.1935967983992,9.56885260708052e-09
27.208604302151077,9.660759505656515e-09
27.22361180590295,1.026114336532871e-08
27.23861930965483,8.83708007724075e-09
27.253626813406704,1.2480908370913026e-08
27.26863431715858,9.549213631551853e-09
27.283641820910457,1.0038288129101137e-08
27.298649324662332,1.1794704760203491e-08
27.313656828414207,1.025910531937802e-08
27.328664332166085,9.179177858470565e-09
27.34367183591796,8.312995877309804e-09
27.358679339669834,9.933028207559601e-09
27.373686843421712,9.709588052390288e-09
27.388694347173587,1.0918683587499533e-08
27.403701850925465,1.1394442040969911e-08
27.41870935467734,8.9906717901708e-09
27.433716858429214,9.936684625187061e-09
27.448724362181093,1.0249197924739207e-08
27.463731865932967,1.0086536035942171e-08
27.478739369684842,1.0824333528021008e-08
27.49374687343672,8.84458892546497e-09
27.508754377188595,1.1080297693808948e-08
27.52376188094047,8.261460199426835e-09
27.538769384692348,1.0047423190297565e-08
27.553776888444222,1.029359517141846e-08
27.5687843921961,1.0341991262031533e-08
27.583791895947975,1.0729539144355545e-08
27.59879939969985,1.006020416218959e-08
27.613806903451728,9.96522088189564e-09
27.628814407203603,9.715112117492703e-09
27.643821910955477,9.144551713604303e-09
27.658829414707355,1.1180619881014336e-08
27.67383691845923,9.431114929723718e-09
27.688844422211105,9.549081104947286e-09
27.703851925962983,1.1319414392377633e-08
27.718859429714858,1.028046170847372e-08
27.733866933466736,9.089106426442741e-09
27.74887443721861,1.1392764261104546e-08
27.763881940970485,1.0119571682247263e-08
27.778889444722363,1.181371366006192e-08
27.793896948474238,9.54558937268172e-09
27.808904452226113,1.1720945809621855e-08
27.82391195597799,1.065692447315798e-08
27.838919459729865,9.708010964048039e-09
27.85392696348174,1.0420958904779108e-08
27.86893446723362,9.926563736176233e-09
27.883941970985493,9.593594452075253e-09
27.89894947473737,1.1142792596155868e-08
27.913956978489246,1.1427190730913834e-08
27.92896448224112,1.123963958520071e-08
27.943971985993,8.925942841852634e-09
27.958979489744873,8.564239804313079e-09
27.973986993496748,1.0163514703141334e-08
27.988994497248626,1.1106192790621586e-08
28.0040020010005,1.042476416168631e-08
28.019009504752376,8.575367070434562e-09
28.034017008504254,9.443443675966112e-09
28.04902451225613,9.198959366788247e-09
28.064032016008007,8.298355489985487e-09
28.07903951975988,8.842720278950843e-09
28.094047023511756,8.453723582104719e-09
28.109054527263634,9.730223918587091e-09
28.12406203101551,1.1277068285739088e-08
28.139069534767383,8.46256674249865e-09
28.15407703851926,9.600903833975304e-09
28.169084542271136,9.976074490423317e-09
28.18409204602301,9.920756318927813e-09
28.19909954977489,9.478150405518756e-09
28.214107053526764,9.740510518112402e-09
28.22911455727864,1.0279170552963905e-08
28.244122061030517,9.241549141440579e-09
28.25912956478239,1.1060774128767383e-08
28.27413706853427,9.841618541577119e-09
28.289144572286144,1.11009789895599e-08
28.30415207603802,1.051148745503955e-08
28.319159579789897,1.0025567113090204e-08
28.33416708354177,1.1665106203463504e-08
28.349174587293646,1.0753599362967011e-08
28.364182091045524,9.98072060799232e-09
28.3791895947974,9.571786264764444e-09
28.394197098549274,1.0897233322270896e-08
28.409204602301152,9.349918897170792e-09
28.424212106053027,9.845323886543426e-09
28.439219609804905,1.0489283046387367e-08
28.45422711355678,1.0113624447188922e-08
28.469234617308654,1.0242851687518794e-08
28.484242121060532,1.0632407268316034e-08
28.499249624812407,1.0485018936973807e-08
28.51425712856428,9.934862604313057e-09
28.52926463231616,9.61762404217223e-09
28.544272136068034,1.1020779227198531e-08
28.55927963981991,1.0686956234622074e-08
28.574287143571787,9.756622169428663e-09
28.589294647323662,7.185268153780167e-09
28.60430215107554,9.415520359791572e-09
28.619309654827415,1.026956664630256e-08
28.63431715857929,8.564116737549224e-09
28.649324662331168,1.0777696588026491e-08
28.664332166083042,8.756433473358564e-09
28.679339669834917,1.0218791081067333e-08
28.694347173586795,2.789812913058375e-05
28.70935467733867,2.2840486349701755e-05
28.724362181090545,1.870290860721707e-05
28.739369684842423,1.5314680118351465e-05
28.754377188594297,1.2538512601518614e-05
28.769384692346176,1.0268470370219614e-05
28.78439219609805,8.409558288906914e-06
28.799399699849925,6.8875990778667975e-06
28.814407203601803,5.640713268530896e-06
28.829414707353678,4.6189366006139775e-06
28.844422211105552,3.784743868096068e-06
28.85942971485743,3.099026249171901e-06
28.874437218609305,2.5396042955864837e-06
28.88944472236118,2.080911171023876e-06
28.904452226113058,1.7052346478214257e-06
28.919459729864933,7.887641551535131e-09
28.93446723361681,1.0547730163793719e-08
28.949474737368686,9.959820747165629e-09
28.96448224112056,1.0256578943165471e-08
28.97948974487244,1.012137588036634e-08
28.994497248624313,8.138394798501041e-09
29.009504752376188,9.409153493354372e-09
29.024512256128066,1.0160844160151321e-08
29.03951975987994,1.0365819413940932e-08
29.054527263631815,1.0417003339306009e-08
29.069534767383693,1.0843565155405548e-08
29.084542271135568,1.0335763659089362e-08
29.099549774887446,1.081540938922577e-08
29.11455727863932,1.011920928987611e-08
29.129564782391196,9.904099565616986e-09
29.144572286143074,9.317248017390772e-09
29.15957978989495,9.932248358077799e-09
29.174587293646823,9.45701997667861e-09
29.1895947973987,1.0894297883523236e-08
29.204602301150576,1.0777207217121334e-08
29.21960980490245,9.947952611230442e-09
29.23461730865433,1.0313405816867144e-08
29.249624812406203,1.0142197492997053e-08
29.264632316158078,8.747958897326486e-09
29.279639819909956,1.0499322718957175e-08
29.29464732366183,7.88508104453576e-09
29.30965482741371,8.995112968417935e-09
29.324662331165584,8.877564906683904e-09
29.33966983491746,1.0549252414807385e-08
29.354677338669337,9.99898103925489e-09
29.36968484242121,5.595229271539955e-07
29.384692346173086,4.615980448514796e-07
29.399699849924964,3.7780234588829313e-07
29.41470735367684,3.1143530430248865e-07
29.429714857428714,2.5595167183988837e-07
29.44472236118059,2.1331332595811556e-07
29.459729864932466,1.7628112713092961e-07
29.474737368684345,1.456606022828482e-07
29.48974487243622,1.212289132339946e-07
29.504752376188094,1.0265450772459557e-07
29.519759879939972,8.373725777096466e-08
29.534767383691847,7.254864570965146e-08
29.54977488744372,6.054090742262755e-08
29.5647823911956,4.935239599290349e-08
29.579789894947474,4.398814993019855e-08
29.59479739869935,3.6987407159829055e-08
29.609804902451227,3.290374454040691e-08
29.6248124062031,2.9490399411521894e-08
29.63981990995498,2.4672273734355084e-08
29.654827413706855,2.221148455720088e-08
29.66983491745873,2.0130471448221576e-08
29.684842421210607,1.6141804529461092e-08
29.699849924962482,1.5790507788366887e-08
29.714857428714357,1.4426903240884952e-08
29.729864932466235,1.435043173117566e-08
29.74487243621811,9.614302916878051e-09
29.759879939969984,9.811553753934411e-09
29.774887443721862,1.0289200953959526e-08
29.789894947473737,9.426136752474561e-09
29.804902451225615,8.434605780484724e-09
29.81990995497749,9.630578724685607e-09
29.834917458729365,8.560839833220313e-09
29.849924962481243,1.0098533197961675e-08
29.864932466233117,1.1048664153081592e-08
29.879939969984992,8.94625780657915e-09
29.89494747373687,7.942587066903924e-09
29.909954977488745,9.374787769267166e-09
29.92496248124062,9.843570409470153e-09
29.939969984992498,8.257896992624206e-09
29.954977488744372,1.1182211996097347e-08
29.96998499249625,8.78545399359054e-09
29.984992496248125,1.063808191550597e-08
30.0,1.0158545663648793e-08
