Age_BP,Temp_Delta
0.0,-0.07
0.014,-0.01
0.032,0.07
0.051,0.07
0.069,0.02
0.089,-0.02
0.108,-0.06
0.128,-0.1
0.149,-0.24
0.17,-0.36
0.191,-0.46
0.213,-0.55
0.235,-0.56
0.257,-0.51
0.28,-0.4
0.303,-0.27
0.327,-0.15
0.351,-0.09
0.375,-0.08
0.4,-0.08
0.425,-0.07
0.451,-0.04
0.477,-0.1
0.503,-0.29
0.53,-0.45
0.557,-0.52
0.584,-0.59
0.612,-0.64
0.64,-0.7
0.669,-0.66
0.697,-0.54
0.727,-0.47
0.756,-0.43
0.786,-0.37
0.816,-0.35
0.846,-0.38
0.877,-0.37
0.908,-0.29
0.94,-0.19
0.972,-0.17
1.004,-0.18
1.036,-0.25
1.069,-0.37
1.102,-0.46
1.135,-0.46
1.168,-0.44
1.202,-0.44
1.236,-0.41
1.271,-0.37
1.305,-0.33
1.34,-0.31
1.375,-0.3
1.411,-0.29
1.446,-0.27
1.482,-0.33
1.518,-0.46
1.554,-0.54
1.591,-0.63
1.627,-0.73
1.664,-0.81
1.701,-0.79
1.739,-0.65
1.776,-0.51
1.814,-0.51
1.852,-0.46
1.89,-0.34
1.928,-0.26
1.966,-0.17
2.005,-0.16
2.043,-0.2
2.082,-0.17
2.121,-0.15
2.161,-0.22
2.2,-0.28
2.239,-0.24
2.279,-0.18
2.319,-0.19
2.359,-0.22
2.399,-0.27
2.439,-0.27
2.48,-0.27
2.521,-0.31
2.561,-0.35
2.602,-0.38
2.643,-0.41
2.684,-0.4
2.725,-0.38
2.767,-0.46
2.808,-0.46
2.85,-0.42
2.892,-0.41
2.934,-0.33
2.975,-0.26
3.017,-0.2
3.06,-0.12
3.102,-0.13
3.144,-0.19
3.186,-0.18
3.229,-0.06
3.271,0.02
3.314,-0.01
3.356,-0.04
3.399,-0.02
3.441,0.02
3.484,0.06
3.526,0.07
3.569,0.11
3.612,0.12
3.655,0.05
3.698,-0.06
3.741,-0.18
3.784,-0.29
3.827,-0.38
3.87,-0.47
3.913,-0.55
3.957,-0.5
4.0,-0.34
4.043,-0.12
4.087,0.11
4.13,0.28
4.174,0.39
4.217,0.54
4.261,0.66
4.304,0.68
4.348,0.65
4.391,0.55
4.435,0.37
4.479,0.17
4.523,-0.02
4.566,-0.19
4.61,-0.29
4.654,-0.31
4.698,-0.31
4.742,-0.31
4.786,-0.27
4.83,-0.19
4.874,-0.1
4.918,-0.03
4.963,0.02
5.007,0.07
5.051,0.12
5.096,0.21
5.14,0.27
5.185,0.23
5.229,0.16
5.274,0.15
5.319,0.12
5.363,0.06
5.408,0.04
5.453,0.02
5.498,-0.01
5.543,-0.03
5.588,-0.05
5.633,-0.01
5.678,0.08
5.723,0.13
5.768,0.15
5.813,0.15
5.859,0.11
5.904,0.01
5.949,-0.11
5.995,-0.21
6.041,-0.26
6.086,-0.26
6.132,-0.26
6.178,-0.27
6.223,-0.27
6.269,-0.26
6.315,-0.22
6.361,-0.2
6.407,-0.22
6.453,-0.27
6.499,-0.32
6.545,-0.31
6.59,-0.31
6.636,-0.37
6.682,-0.41
6.728,-0.41
6.774,-0.37
6.82,-0.33
6.866,-0.26
6.912,-0.12
6.957,-0.03
7.003,0.03
7.049,0.09
7.095,0.13
7.141,0.17
7.186,0.21
7.232,0.18
7.278,0.06
7.323,-0.02
7.369,-0.03
7.415,-0.02
7.46,-0.03
7.506,-0.07
7.551,-0.12
7.597,-0.16
7.642,-0.15
7.688,-0.1
7.733,-0.05
7.779,0.03
7.824,0.04
7.869,0.01
7.915,0.0
7.961,-0.03
8.006,-0.05
8.052,-0.05
8.097,-0.05
8.142,-0.03
8.188,0.0
8.233,0.04
8.278,0.11
8.323,0.1
8.369,0.01
8.414,-0.02
8.459,-0.01
8.504,0.04
8.549,0.07
8.594,0.1
8.639,0.1
8.684,0.05
8.729,0.04
8.773,0.08
8.818,0.16
8.863,0.27
8.908,0.31
8.952,0.3
8.997,0.32
9.041,0.3
9.086,0.27
9.13,0.28
9.175,0.26
9.219,0.19
9.264,0.12
9.308,0.13
9.353,0.18
9.397,0.18
9.442,0.17
9.486,0.17
9.53,0.2
9.575,0.25
9.619,0.3
9.663,0.35
9.708,0.34
9.752,0.25
9.797,0.19
9.841,0.12
9.886,0.06
9.93,0.02
9.975,-0.02
10.019,-0.03
10.064,-0.02
10.109,-0.04
10.153,0.01
10.198,0.14
10.243,0.24
10.289,0.3
10.334,0.37
10.379,0.49
10.425,0.6
10.471,0.66
10.517,0.69
10.563,0.66
10.61,0.59
10.656,0.49
10.704,0.39
10.751,0.27
10.798,0.07
10.846,-0.14
10.895,-0.32
10.943,-0.51
10.992,-0.72
11.041,-0.86
11.091,-0.95
11.14,-0.98
11.191,-1.07
11.241,-1.2
11.292,-1.29
11.344,-1.36
11.395,-1.49
11.448,-1.64
11.5,-1.78
11.553,-1.91
11.607,-2.01
11.66,-2.1
11.715,-2.16
11.769,-2.21
11.824,-2.22
11.879,-2.23
11.935,-2.2
11.991,-2.19
12.047,-2.22
12.103,-2.19
12.16,-2.13
12.217,-2.13
12.274,-2.18
12.331,-2.21
12.388,-2.27
12.446,-2.35
12.503,-2.46
12.561,-2.55
12.619,-2.52
12.677,-2.43
12.735,-2.32
12.793,-2.22
12.852,-2.13
12.91,-2.07
12.969,-2.05
13.028,-2.04
13.087,-2.08
13.146,-2.17
13.205,-2.24
13.265,-2.34
13.325,-2.5
13.385,-2.69
13.445,-2.86
13.505,-2.95
13.566,-3.0
13.627,-3.03
13.688,-2.98
13.749,-2.89
13.811,-2.83
13.873,-2.83
13.935,-2.91
13.998,-3.04
14.06,-3.12
14.123,-3.2
14.187,-3.29
14.25,-3.38
14.314,-3.47
14.379,-3.58
14.443,-3.64
14.508,-3.67
14.574,-3.73
14.64,-3.79
14.706,-3.81
14.773,-3.83
14.84,-3.85
14.908,-3.87
14.976,-3.92
15.045,-3.97
15.114,-4.05
15.183,-4.16
15.253,-4.26
15.324,-4.32
15.395,-4.36
15.467,-4.42
15.539,-4.53
15.612,-4.67
15.685,-4.83
15.759,-4.96
15.833,-5.06
15.908,-5.16
15.983,-5.27
16.059,-5.39
16.135,-5.45
16.212,-5.51
16.289,-5.58
16.367,-5.61
16.445,-5.61
16.524,-5.59
16.603,-5.56
16.682,-5.56
16.761,-5.59
16.841,-5.61
16.922,-5.65
17.002,-5.69
17.083,-5.73
17.164,-5.77
17.245,-5.81
17.327,-5.84
17.409,-5.86
17.491,-5.89
17.573,-5.92
17.655,-5.93
17.737,-5.92
17.819,-5.9
17.902,-5.87
17.984,-5.8
18.067,-5.74
18.15,-5.69
18.232,-5.66
18.315,-5.65
18.397,-5.63
18.48,-5.64
18.562,-5.68
18.645,-5.74
18.727,-5.79
18.809,-5.82
18.891,-5.85
18.974,-5.83
19.056,-5.78
19.138,-5.76
19.22,-5.73
19.302,-5.67
19.383,-5.6
19.465,-5.54
19.547,-5.5
19.629,-5.48
19.71,-5.49
19.792,-5.51
19.873,-5.57
19.955,-5.61
20.036,-5.63
20.118,-5.58
20.199,-5.54
20.28,-5.51
20.362,-5.48
20.443,-5.46
20.525,-5.42
20.606,-5.39
20.687,-5.39
20.769,-5.4
20.85,-5.42
20.932,-5.46
21.013,-5.5
21.095,-5.57
21.177,-5.67
21.259,-5.75
21.34,-5.81
21.422,-5.84
21.504,-5.83
21.586,-5.8
21.669,-5.77
21.751,-5.74
21.833,-5.74
21.916,-5.74
21.998,-5.73
22.081,-5.72
22.163,-5.73
22.246,-5.77
22.328,-5.84
22.411,-5.86
22.494,-5.83
22.576,-5.83
22.659,-5.84
22.741,-5.84
22.824,-5.82
22.906,-5.79
22.989,-5.74
23.071,-5.68
23.154,-5.63
23.236,-5.57
23.319,-5.52
23.401,-5.47
23.483,-5.4
23.565,-5.34
23.648,-5.3
23.73,-5.26
23.812,-5.26
23.894,-5.3
23.976,-5.34
24.057,-5.39
24.139,-5.43
24.221,-5.46
24.302,-5.51
24.384,-5.5
24.466,-5.45
24.547,-5.4
24.629,-5.32
24.71,-5.24
24.792,-5.15
24.874,-5.11
24.956,-5.13
25.038,-5.14
25.12,-5.17
25.202,-5.18
25.284,-5.22
25.366,-5.29
25.448,-5.37
25.531,-5.44
25.613,-5.53
25.696,-5.61
25.778,-5.69
25.861,-5.77
25.944,-5.82
26.027,-5.87
26.11,-5.9
26.193,-5.93
26.276,-5.98
26.359,-6.0
26.442,-5.97
26.526,-5.95
26.609,-5.92
26.692,-5.87
26.776,-5.8
26.859,-5.72
26.942,-5.68
27.026,-5.65
27.109,-5.56
27.193,-5.41
27.276,-5.26
27.359,-5.12
27.443,-5.0
27.526,-4.92
27.609,-4.92
27.693,-4.96
27.776,-5.01
27.859,-5.08
27.943,-5.18
28.026,-5.28
28.11,-5.45
28.193,-5.66
28.277,-5.86
28.36,-5.95
28.444,-5.96
28.528,-5.96
28.611,-5.93
28.695,-5.86
28.779,-5.78
28.862,-5.7
28.946,-5.62
29.03,-5.54
29.114,-5.43
29.197,-5.33
29.281,-5.27
29.364,-5.25
29.448,-5.27
29.532,-5.28
29.615,-5.32
29.699,-5.39
29.782,-5.45
29.866,-5.53
29.949,-5.59
30.032,-5.64
30.116,-5.68
30.199,-5.69
30.282,-5.69
30.365,-5.63
30.448,-5.52
30.531,-5.4
30.614,-5.3
30.697,-5.23
30.78,-5.16
30.862,-5.09
30.945,-5.03
31.027,-4.98
31.109,-4.94
31.191,-4.92
31.274,-4.94
31.356,-5.02
31.437,-5.1
31.519,-5.14
31.601,-5.17
31.682,-5.2
31.764,-5.24
31.845,-5.27
31.926,-5.28
32.007,-5.34
32.088,-5.36
32.168,-5.34
32.249,-5.37
32.329,-5.35
32.409,-5.29
32.489,-5.24
32.568,-5.19
32.647,-5.16
32.726,-5.08
32.805,-5.01
32.883,-4.98
32.962,-4.93
33.04,-4.83
33.117,-4.7
33.195,-4.56
33.272,-4.43
33.349,-4.32
33.426,-4.22
33.502,-4.16
33.579,-4.13
33.655,-4.09
33.732,-4.06
33.808,-4.04
33.884,-4.04
33.96,-4.05
34.036,-4.04
34.112,-4.06
34.189,-4.04
34.265,-4.03
34.341,-4.03
34.417,-3.99
34.493,-3.95
34.57,-3.96
34.646,-4.02
34.723,-4.16
34.799,-4.35
34.876,-4.54
34.953,-4.71
35.03,-4.84
35.107,-4.91
35.184,-4.96
35.262,-5.0
35.339,-4.98
35.417,-4.91
35.495,-4.87
35.573,-4.85
35.651,-4.79
35.729,-4.74
35.807,-4.71
35.886,-4.71
35.964,-4.73
36.043,-4.76
36.122,-4.78
36.201,-4.8
36.28,-4.76
36.359,-4.7
36.438,-4.65
36.517,-4.58
36.596,-4.53
36.675,-4.55
36.754,-4.6
36.834,-4.66
36.913,-4.72
36.992,-4.78
37.071,-4.85
37.151,-4.91
37.23,-4.92
37.309,-4.9
37.388,-4.89
37.468,-4.85
37.547,-4.77
37.626,-4.67
37.706,-4.61
37.785,-4.58
37.865,-4.51
37.944,-4.46
38.024,-4.4
38.103,-4.34
38.183,-4.34
38.262,-4.38
38.341,-4.41
38.421,-4.45
38.5,-4.52
38.579,-4.6
38.658,-4.67
38.737,-4.75
38.816,-4.84
38.894,-4.91
38.973,-4.93
39.051,-4.93
39.129,-4.92
39.207,-4.91
39.285,-4.87
39.363,-4.81
39.44,-4.69
39.518,-4.58
39.595,-4.54
39.672,-4.47
39.748,-4.37
39.825,-4.3
39.901,-4.19
39.978,-4.02
40.054,-3.91
40.129,-3.85
40.205,-3.79
40.281,-3.72
40.356,-3.67
40.432,-3.63
40.507,-3.61
40.582,-3.66
40.658,-3.72
40.733,-3.77
40.809,-3.79
40.884,-3.81
40.96,-3.86
41.036,-3.93
41.111,-4.03
41.188,-4.13
41.264,-4.12
41.34,-4.16
41.417,-4.25
41.494,-4.28
41.571,-4.29
41.648,-4.32
41.726,-4.31
41.804,-4.26
41.882,-4.25
41.961,-4.28
42.039,-4.3
42.118,-4.32
42.198,-4.39
42.278,-4.45
42.358,-4.53
42.438,-4.66
42.519,-4.81
42.6,-4.91
42.681,-4.98
42.763,-5.04
42.845,-5.08
42.927,-5.13
43.01,-5.18
43.093,-5.15
43.176,-5.05
43.26,-5.0
43.343,-4.99
43.427,-4.94
43.511,-4.96
43.596,-5.03
43.681,-5.1
43.765,-5.18
43.85,-5.26
43.935,-5.32
44.021,-5.35
44.106,-5.37
44.191,-5.37
44.277,-5.34
44.363,-5.28
44.448,-5.26
44.534,-5.26
44.62,-5.21
44.705,-5.13
44.791,-5.07
44.876,-5.04
44.962,-5.07
45.047,-5.12
45.132,-5.09
45.217,-5.06
45.302,-5.0
45.387,-4.87
45.471,-4.74
45.555,-4.69
45.64,-4.64
45.724,-4.58
45.807,-4.58
45.891,-4.58
45.974,-4.58
46.057,-4.61
46.14,-4.62
46.223,-4.65
46.305,-4.71
46.387,-4.74
46.469,-4.74
46.551,-4.73
46.632,-4.7
46.714,-4.63
46.795,-4.56
46.875,-4.51
46.956,-4.48
47.036,-4.49
47.117,-4.49
47.197,-4.5
47.276,-4.5
47.356,-4.45
47.435,-4.42
47.515,-4.44
47.594,-4.45
47.673,-4.43
47.751,-4.42
47.83,-4.41
47.908,-4.38
47.987,-4.33
48.065,-4.28
48.143,-4.25
48.221,-4.24
48.299,-4.22
48.377,-4.19
48.455,-4.18
48.533,-4.17
48.611,-4.12
48.688,-4.09
48.766,-4.05
48.844,-4.02
48.921,-4.09
48.999,-4.22
49.077,-4.31
49.155,-4.36
49.232,-4.34
49.31,-4.26
49.388,-4.16
49.466,-4.07
49.544,-4.01
49.623,-3.96
49.701,-3.96
49.78,-3.98
49.858,-4.0
49.937,-4.04
50.016,-4.08
50.096,-4.17
50.175,-4.26
50.254,-4.32
50.334,-4.4
50.414,-4.41
50.494,-4.37
50.574,-4.32
50.655,-4.21
50.735,-4.06
50.816,-4.01
50.897,-4.06
50.978,-4.14
51.059,-4.29
51.141,-4.43
51.222,-4.51
51.304,-4.53
51.386,-4.55
51.468,-4.58
51.55,-4.59
51.632,-4.58
51.715,-4.58
51.797,-4.52
51.88,-4.44
51.962,-4.35
52.044,-4.35
52.127,-4.39
52.21,-4.41
52.292,-4.49
52.374,-4.54
52.457,-4.64
52.539,-4.76
52.621,-4.8
52.704,-4.78
52.786,-4.72
52.868,-4.7
52.949,-4.7
53.031,-4.71
53.112,-4.71
53.194,-4.68
53.275,-4.63
53.355,-4.54
53.436,-4.44
53.516,-4.35
53.596,-4.29
53.676,-4.24
53.755,-4.17
53.834,-4.11
53.912,-4.03
53.991,-3.96
54.069,-3.91
54.146,-3.83
54.223,-3.75
54.3,-3.72
54.377,-3.72
54.453,-3.71
54.529,-3.65
54.605,-3.61
54.68,-3.59
54.756,-3.58
54.831,-3.56
54.905,-3.48
54.98,-3.42
55.054,-3.41
55.129,-3.37
55.203,-3.31
55.277,-3.25
55.351,-3.15
55.424,-3.07
55.498,-3.03
55.572,-3.02
55.646,-3.08
55.719,-3.17
55.793,-3.27
55.867,-3.37
55.94,-3.48
56.014,-3.58
56.088,-3.69
56.162,-3.77
56.237,-3.75
56.311,-3.69
56.386,-3.64
56.461,-3.6
56.536,-3.57
56.611,-3.55
56.687,-3.51
56.763,-3.52
56.839,-3.61
56.916,-3.73
56.993,-3.88
57.07,-4.05
57.148,-4.19
57.226,-4.31
57.304,-4.45
57.383,-4.55
57.462,-4.59
57.541,-4.58
57.621,-4.53
57.701,-4.45
57.782,-4.4
57.862,-4.37
57.944,-4.35
58.025,-4.37
58.107,-4.38
58.189,-4.41
58.271,-4.45
58.354,-4.5
58.437,-4.54
58.521,-4.59
58.605,-4.64
58.689,-4.7
58.774,-4.78
58.859,-4.86
58.944,-4.92
59.029,-4.94
59.115,-4.97
59.201,-5.02
59.288,-5.11
59.374,-5.19
59.461,-5.22
59.549,-5.22
59.636,-5.22
59.724,-5.19
59.812,-5.17
59.901,-5.12
59.989,-5.07
60.078,-5.06
60.167,-5.09
60.256,-5.16
60.346,-5.27
60.435,-5.37
60.525,-5.43
60.615,-5.49
60.705,-5.58
60.795,-5.71
60.886,-5.79
60.976,-5.83
61.067,-5.85
61.158,-5.79
61.249,-5.7
61.34,-5.59
61.431,-5.49
61.522,-5.38
61.613,-5.25
61.705,-5.14
61.797,-5.08
61.888,-5.01
61.98,-5.01
62.072,-5.04
62.164,-5.07
62.256,-5.14
62.349,-5.22
62.441,-5.32
62.534,-5.42
62.627,-5.51
62.72,-5.6
62.813,-5.67
62.906,-5.76
62.999,-5.86
63.093,-5.84
63.186,-5.82
63.28,-5.85
63.374,-5.86
63.468,-5.84
63.562,-5.82
63.657,-5.82
63.751,-5.87
63.846,-5.92
63.94,-5.95
64.035,-5.96
64.13,-5.94
64.225,-5.92
64.32,-5.91
64.415,-5.9
64.511,-5.89
64.606,-5.84
64.701,-5.79
64.796,-5.71
64.892,-5.64
64.987,-5.61
65.082,-5.6
65.177,-5.61
65.273,-5.62
65.368,-5.62
65.463,-5.67
65.558,-5.74
65.653,-5.78
65.748,-5.83
65.843,-5.84
65.938,-5.86
66.033,-5.88
66.127,-5.89
66.221,-5.92
66.316,-5.98
66.41,-6.03
66.504,-6.06
66.597,-6.09
66.691,-6.08
66.784,-6.01
66.877,-5.87
66.97,-5.7
67.063,-5.51
67.155,-5.36
67.247,-5.25
67.339,-5.15
67.431,-5.04
67.523,-4.94
67.614,-4.93
67.705,-4.98
67.795,-5.02
67.886,-5.12
67.976,-5.31
68.066,-5.5
68.155,-5.66
68.245,-5.74
68.333,-5.73
68.422,-5.68
68.511,-5.61
68.599,-5.47
68.686,-5.32
68.774,-5.2
68.861,-5.07
68.948,-4.98
69.035,-4.85
69.121,-4.7
69.208,-4.6
69.294,-4.56
69.379,-4.51
69.465,-4.47
69.55,-4.44
69.636,-4.4
69.721,-4.39
69.806,-4.38
69.891,-4.33
69.976,-4.28
70.061,-4.24
70.146,-4.24
70.23,-4.25
70.315,-4.3
70.4,-4.43
70.485,-4.58
70.57,-4.74
70.655,-4.86
70.74,-4.93
70.826,-4.97
70.911,-4.93
70.996,-4.9
71.082,-4.89
71.167,-4.9
71.253,-4.93
71.339,-4.95
71.424,-4.96
71.51,-5.01
71.596,-5.04
71.682,-5.08
71.768,-5.16
71.854,-5.26
71.94,-5.42
72.026,-5.54
72.112,-5.52
72.198,-5.48
72.284,-5.36
72.37,-5.24
72.455,-5.14
72.541,-5.06
72.626,-4.99
72.711,-4.93
72.796,-4.91
72.881,-4.89
72.965,-4.8
73.049,-4.72
73.133,-4.71
73.217,-4.71
73.301,-4.7
73.384,-4.72
73.468,-4.69
73.551,-4.64
73.634,-4.53
73.716,-4.38
73.799,-4.26
73.881,-4.19
73.964,-4.21
74.046,-4.2
74.128,-4.12
74.21,-4.07
74.291,-4.02
74.373,-4.01
74.455,-4.02
74.536,-4.03
74.618,-4.03
74.7,-4.05
74.781,-4.08
74.863,-4.11
74.945,-4.1
75.027,-4.06
75.109,-4.03
75.191,-4.07
75.273,-4.18
75.355,-4.36
75.438,-4.49
75.52,-4.61
75.603,-4.73
75.686,-4.74
75.769,-4.73
75.852,-4.9
75.935,-5.06
76.018,-5.1
76.102,-5.11
76.185,-5.04
76.269,-4.96
76.352,-4.91
76.436,-4.86
76.519,-4.78
76.603,-4.69
76.686,-4.68
76.769,-4.71
76.852,-4.74
76.935,-4.74
77.018,-4.74
77.101,-4.68
77.183,-4.6
77.265,-4.52
77.347,-4.48
77.429,-4.43
77.51,-4.34
77.591,-4.21
77.672,-4.09
77.753,-4.02
77.833,-4.03
77.913,-4.02
77.993,-3.93
78.072,-3.89
78.151,-3.9
78.23,-3.97
78.309,-4.09
78.387,-4.2
78.466,-4.24
78.544,-4.24
78.621,-4.26
78.699,-4.25
78.776,-4.17
78.853,-4.09
78.93,-4.11
79.007,-4.1
79.083,-4.03
79.159,-3.93
79.235,-3.86
79.31,-3.77
79.386,-3.64
79.461,-3.51
79.535,-3.5
79.61,-3.52
79.684,-3.47
79.758,-3.41
79.831,-3.29
79.904,-3.16
79.978,-3.13
80.05,-3.14
80.123,-3.09
80.195,-3.0
80.267,-2.94
80.339,-2.91
80.41,-2.88
80.482,-2.84
80.553,-2.78
80.624,-2.79
80.695,-2.91
80.766,-3.03
80.836,-3.14
80.907,-3.22
80.977,-3.28
81.047,-3.27
81.117,-3.22
81.187,-3.15
81.256,-3.05
81.326,-2.97
81.395,-2.83
81.464,-2.68
81.534,-2.55
81.603,-2.51
81.671,-2.58
81.74,-2.67
81.809,-2.7
81.877,-2.73
81.945,-2.8
82.014,-2.87
82.082,-2.9
82.15,-2.89
82.217,-2.83
82.285,-2.8
82.353,-2.89
82.42,-2.96
82.487,-3.06
82.554,-3.1
82.621,-3.07
82.688,-2.99
82.755,-2.89
82.822,-2.78
82.888,-2.7
82.955,-2.64
83.021,-2.51
83.087,-2.36
83.153,-2.27
83.219,-2.24
83.285,-2.27
83.351,-2.31
83.417,-2.34
83.483,-2.37
83.548,-2.39
83.614,-2.39
83.68,-2.36
83.745,-2.29
83.811,-2.19
83.877,-2.13
83.943,-2.18
84.009,-2.24
84.075,-2.31
84.141,-2.37
84.208,-2.43
84.274,-2.49
84.341,-2.56
84.407,-2.59
84.474,-2.68
84.542,-2.75
84.609,-2.81
84.676,-2.85
84.744,-2.91
84.812,-2.95
84.88,-3.0
84.949,-3.05
85.017,-3.12
85.086,-3.24
85.155,-3.34
85.224,-3.37
85.294,-3.37
85.364,-3.39
85.434,-3.37
85.505,-3.35
85.575,-3.33
85.646,-3.32
85.717,-3.3
85.789,-3.3
85.86,-3.31
85.932,-3.33
86.004,-3.33
86.077,-3.3
86.149,-3.32
86.222,-3.34
86.295,-3.38
86.368,-3.45
86.442,-3.53
86.516,-3.61
86.59,-3.66
86.664,-3.72
86.738,-3.82
86.812,-3.96
86.887,-4.06
86.962,-4.09
87.037,-4.07
87.112,-4.02
87.188,-3.91
87.263,-3.84
87.339,-3.79
87.415,-3.75
87.492,-3.72
87.568,-3.72
87.645,-3.75
87.721,-3.83
87.798,-3.94
87.876,-3.98
87.953,-4.02
88.03,-4.09
88.108,-4.17
88.186,-4.24
88.263,-4.28
88.341,-4.31
88.42,-4.29
88.498,-4.36
88.576,-4.42
88.654,-4.5
88.733,-4.56
88.811,-4.6
88.89,-4.6
88.968,-4.55
89.046,-4.46
89.125,-4.35
89.203,-4.24
89.282,-4.19
89.36,-4.17
89.438,-4.16
89.516,-4.16
89.594,-4.24
89.673,-4.29
89.751,-4.24
89.828,-4.18
89.906,-4.14
89.984,-4.06
90.061,-3.96
90.139,-3.84
90.216,-3.76
90.294,-3.72
90.371,-3.72
90.448,-3.73
90.525,-3.72
90.602,-3.72
90.679,-3.83
90.756,-3.96
90.833,-4.06
90.91,-4.11
90.987,-4.09
91.063,-4.04
91.14,-3.98
91.216,-3.92
91.293,-3.86
91.369,-3.8
91.446,-3.82
91.522,-3.84
91.598,-3.79
91.674,-3.79
91.75,-3.79
91.826,-3.81
91.902,-3.87
91.978,-3.93
92.054,-4.04
92.13,-4.17
92.206,-4.19
92.281,-4.15
92.357,-3.99
92.433,-3.82
92.508,-3.75
92.584,-3.69
92.659,-3.62
92.734,-3.59
92.81,-3.56
92.885,-3.55
92.96,-3.54
93.035,-3.56
93.11,-3.63
93.185,-3.7
93.26,-3.77
93.335,-3.77
93.409,-3.72
93.484,-3.71
93.559,-3.66
93.633,-3.63
93.708,-3.62
93.783,-3.61
93.857,-3.65
93.932,-3.71
94.006,-3.74
94.081,-3.74
94.155,-3.7
94.229,-3.63
94.304,-3.57
94.378,-3.56
94.453,-3.56
94.527,-3.54
94.602,-3.51
94.676,-3.48
94.751,-3.45
94.825,-3.45
94.9,-3.45
94.975,-3.49
95.049,-3.5
95.124,-3.47
95.199,-3.47
95.274,-3.5
95.35,-3.56
95.425,-3.58
95.5,-3.58
95.576,-3.62
95.651,-3.69
95.727,-3.73
95.803,-3.78
95.878,-3.82
95.954,-3.87
96.03,-3.94
96.107,-4.01
96.183,-4.09
96.259,-4.15
96.336,-4.14
96.412,-4.11
96.488,-4.09
96.565,-4.06
96.642,-3.98
96.718,-3.92
96.795,-3.91
96.872,-3.93
96.948,-3.96
97.025,-3.99
97.102,-3.97
97.179,-3.97
97.255,-3.89
97.332,-3.83
97.409,-3.82
97.485,-3.84
97.562,-3.77
97.638,-3.68
97.714,-3.58
97.791,-3.5
97.867,-3.51
97.943,-3.53
98.019,-3.6
98.094,-3.67
98.17,-3.69
98.245,-3.69
98.321,-3.72
98.396,-3.72
98.471,-3.66
98.546,-3.61
98.62,-3.56
98.695,-3.52
98.769,-3.48
98.843,-3.42
98.917,-3.36
98.991,-3.33
99.064,-3.28
99.137,-3.23
99.21,-3.21
99.283,-3.18
99.356,-3.14
99.428,-3.11
99.5,-3.08
99.572,-3.06
99.644,-3.05
99.715,-3.05
99.786,-3.06
99.857,-3.07
99.927,-3.06
99.997,-3.04
100.068,-3.04
100.137,-3.06
100.207,-3.05
100.277,-3.03
100.346,-3.01
100.415,-2.98
100.484,-2.9
100.553,-2.81
100.622,-2.74
100.69,-2.69
100.759,-2.65
100.827,-2.61
100.896,-2.53
100.964,-2.45
101.032,-2.38
101.1,-2.34
101.168,-2.32
101.236,-2.31
101.304,-2.3
101.372,-2.29
101.44,-2.26
101.508,-2.22
101.576,-2.24
101.644,-2.29
101.713,-2.32
101.781,-2.35
101.849,-2.4
101.918,-2.45
101.987,-2.49
102.055,-2.52
102.124,-2.55
102.194,-2.57
102.263,-2.58
102.332,-2.59
102.402,-2.64
102.472,-2.69
102.542,-2.73
102.612,-2.77
102.683,-2.84
102.754,-2.92
102.825,-3.05
102.896,-3.18
102.967,-3.32
103.039,-3.42
103.11,-3.47
103.182,-3.5
103.254,-3.54
103.327,-3.55
103.399,-3.5
103.472,-3.45
103.545,-3.43
103.618,-3.43
103.691,-3.4
103.765,-3.36
103.838,-3.35
103.912,-3.36
103.986,-3.36
104.06,-3.39
104.133,-3.43
104.207,-3.48
104.282,-3.51
104.356,-3.51
104.43,-3.5
104.504,-3.5
104.579,-3.51
104.653,-3.52
104.728,-3.53
104.802,-3.53
104.877,-3.52
104.952,-3.53
105.026,-3.54
105.101,-3.51
105.176,-3.43
105.251,-3.32
105.326,-3.22
105.401,-3.15
105.477,-3.09
105.552,-3.03
105.628,-2.97
105.703,-2.92
105.779,-2.9
105.856,-2.94
105.932,-3.03
106.009,-3.18
106.086,-3.32
106.163,-3.44
106.241,-3.54
106.319,-3.6
106.397,-3.63
106.476,-3.64
106.555,-3.65
106.634,-3.66
106.715,-3.69
106.795,-3.8
106.876,-3.94
106.958,-4.09
107.04,-4.25
107.123,-4.42
107.206,-4.6
107.29,-4.79
107.374,-4.98
107.458,-5.14
107.544,-5.26
107.629,-5.31
107.715,-5.33
107.801,-5.31
107.888,-5.29
107.975,-5.27
108.062,-5.23
108.15,-5.18
108.238,-5.12
108.326,-5.07
108.415,-5.04
108.503,-5.03
108.592,-5.03
108.681,-5.03
108.77,-5.03
108.859,-5.06
108.948,-5.08
109.037,-5.1
109.126,-5.11
109.215,-5.1
109.304,-5.07
109.394,-5.01
109.483,-4.94
109.572,-4.86
109.661,-4.79
109.749,-4.72
109.838,-4.64
109.927,-4.57
110.016,-4.53
110.104,-4.52
110.193,-4.52
110.282,-4.54
110.37,-4.57
110.459,-4.63
110.548,-4.7
110.636,-4.77
110.725,-4.83
110.813,-4.85
110.902,-4.84
110.99,-4.82
111.079,-4.78
111.167,-4.76
111.256,-4.74
111.344,-4.72
111.432,-4.71
111.521,-4.72
111.609,-4.73
111.697,-4.76
111.786,-4.83
111.874,-4.9
111.962,-4.94
112.05,-4.95
112.138,-4.94
112.226,-4.9
112.314,-4.87
112.402,-4.85
112.49,-4.84
112.578,-4.82
112.665,-4.81
112.752,-4.8
112.839,-4.81
112.926,-4.8
113.013,-4.72
113.1,-4.62
113.186,-4.54
113.272,-4.47
113.358,-4.42
113.443,-4.38
113.529,-4.34
113.614,-4.3
113.699,-4.26
113.783,-4.24
113.867,-4.23
113.951,-4.21
114.035,-4.17
114.118,-4.12
114.201,-4.06
114.284,-4.0
114.366,-3.95
114.448,-3.94
114.53,-3.95
114.611,-3.92
114.692,-3.9
114.773,-3.92
114.854,-3.98
114.934,-4.01
115.014,-3.99
115.093,-3.93
115.172,-3.85
115.251,-3.73
115.329,-3.59
115.407,-3.44
115.485,-3.25
115.562,-3.06
115.639,-2.91
115.716,-2.82
115.792,-2.77
115.869,-2.74
115.944,-2.74
116.02,-2.77
116.095,-2.81
116.17,-2.88
116.245,-2.96
116.32,-3.07
116.394,-3.14
116.468,-3.13
116.542,-3.1
116.616,-3.08
116.689,-3.06
116.762,-3.03
116.835,-2.99
116.94,-2.94
117.01,-2.87
117.068,-2.79
117.135,-2.75
117.193,-2.69
117.25,-2.58
117.308,-2.45
117.366,-2.37
117.424,-2.3
117.482,-2.24
117.54,-2.18
117.597,-2.13
117.654,-2.08
117.711,-2.05
117.768,-2.03
117.826,-2.03
117.883,-2.06
117.941,-2.09
117.999,-2.12
118.056,-2.13
118.113,-2.12
118.171,-2.09
118.228,-2.05
118.277,-2.03
118.335,-2.01
118.392,-2.0
118.45,-2.0
118.508,-1.95
118.566,-1.87
118.615,-1.76
118.672,-1.66
118.73,-1.61
118.789,-1.61
118.838,-1.64
118.897,-1.66
118.955,-1.67
119.014,-1.66
119.063,-1.64
119.122,-1.62
119.181,-1.61
119.231,-1.61
119.29,-1.61
119.349,-1.66
119.399,-1.71
119.458,-1.72
119.517,-1.68
119.568,-1.62
119.627,-1.59
119.687,-1.59
119.737,-1.62
119.796,-1.64
119.856,-1.64
119.906,-1.63
119.966,-1.61
120.016,-1.59
120.076,-1.58
120.126,-1.61
120.186,-1.66
120.246,-1.7
120.297,-1.71
120.356,-1.69
120.407,-1.64
120.467,-1.57
120.518,-1.49
120.578,-1.38
120.63,-1.28
120.69,-1.2
120.741,-1.15
120.801,-1.13
120.852,-1.14
120.904,-1.15
120.964,-1.2
121.015,-1.26
121.075,-1.3
121.127,-1.34
121.178,-1.38
121.238,-1.43
121.29,-1.44
121.35,-1.44
121.402,-1.42
121.454,-1.42
121.514,-1.41
121.566,-1.35
121.617,-1.27
121.678,-1.2
121.73,-1.13
121.782,-1.07
121.842,-1.02
121.894,-0.96
121.945,-0.87
122.005,-0.77
122.057,-0.7
122.117,-0.69
122.169,-0.69
122.22,-0.69
122.281,-0.68
122.332,-0.67
122.383,-0.69
122.444,-0.71
122.495,-0.74
122.546,-0.76
122.597,-0.77
122.657,-0.8
122.709,-0.86
122.76,-0.99
122.811,-1.11
122.871,-1.17
122.922,-1.18
122.974,-1.17
123.034,-1.13
123.085,-1.07
123.136,-0.99
123.188,-0.9
123.239,-0.8
123.299,-0.72
123.351,-0.66
123.403,-0.59
123.455,-0.55
123.507,-0.56
123.568,-0.53
123.62,-0.51
123.672,-0.52
123.724,-0.51
123.777,-0.49
123.829,-0.45
123.881,-0.39
123.942,-0.33
123.994,-0.29
124.046,-0.3
124.098,-0.32
124.15,-0.34
124.202,-0.37
124.253,-0.42
124.305,-0.43
124.366,-0.41
124.418,-0.4
124.47,-0.41
124.521,-0.44
124.573,-0.47
124.625,-0.52
124.677,-0.54
124.728,-0.57
124.78,-0.61
124.832,-0.62
124.883,-0.62
124.935,-0.63
124.995,-0.63
125.047,-0.58
125.099,-0.5
125.15,-0.42
125.202,-0.35
125.253,-0.29
125.305,-0.26
125.356,-0.24
125.408,-0.25
125.451,-0.29
125.502,-0.34
125.563,-0.41
125.606,-0.48
125.657,-0.55
125.709,-0.61
125.761,-0.63
125.812,-0.64
125.864,-0.67
125.916,-0.68
125.968,-0.66
126.02,-0.67
126.072,-0.65
126.124,-0.57
126.176,-0.47
126.228,-0.36
126.281,-0.22
126.342,-0.09
126.394,0.04
126.454,0.15
126.506,0.24
126.557,0.31
126.618,0.34
126.67,0.37
126.721,0.4
126.764,0.43
126.816,0.43
126.859,0.42
126.911,0.41
126.962,0.41
127.005,0.45
127.057,0.51
127.1,0.57
127.152,0.63
127.194,0.67
127.246,0.67
127.289,0.68
127.332,0.71
127.384,0.72
127.426,0.71
127.478,0.68
127.521,0.68
127.572,0.69
127.615,0.68
127.658,0.68
127.709,0.69
127.752,0.69
127.795,0.71
127.846,0.75
127.888,0.81
127.931,0.91
127.982,1.01
128.024,1.06
128.066,1.09
128.116,1.11
128.158,1.11
128.209,1.08
128.251,1.03
128.293,0.98
128.344,0.93
128.386,0.85
128.436,0.75
128.478,0.61
128.52,0.44
128.57,0.34
128.613,0.38
128.664,0.47
128.706,0.53
128.757,0.57
128.8,0.55
128.851,0.48
128.893,0.4
128.936,0.33
128.987,0.28
129.039,0.28
129.082,0.29
129.134,0.26
129.185,0.2
129.228,0.14
129.28,0.13
129.332,0.16
129.376,0.2
129.428,0.29
129.48,0.38
129.532,0.44
129.584,0.45
129.637,0.37
129.689,0.21
129.742,0.08
129.786,0.02
129.839,-0.02
129.892,-0.06
129.944,-0.12
129.997,-0.21
130.059,-0.3
130.112,-0.39
130.165,-0.53
130.227,-0.66
130.281,-0.74
130.334,-0.8
130.397,-0.83
130.45,-0.87
130.504,-0.91
130.566,-0.93
130.619,-0.99
130.681,-1.05
130.744,-1.09
130.798,-1.13
130.86,-1.18
130.923,-1.23
130.986,-1.29
131.04,-1.36
131.103,-1.46
131.165,-1.57
131.228,-1.68
131.291,-1.78
131.354,-1.87
131.426,-1.94
131.489,-1.97
131.552,-1.99
131.616,-2.05
131.687,-2.1
131.751,-2.14
131.814,-2.16
131.886,-2.19
131.959,-2.24
132.031,-2.29
132.104,-2.38
132.177,-2.53
132.249,-2.73
132.322,-2.93
132.395,-3.11
132.468,-3.26
132.54,-3.38
132.622,-3.46
132.703,-3.51
132.785,-3.55
132.867,-3.57
132.948,-3.58
133.03,-3.58
133.112,-3.61
133.193,-3.72
133.275,-3.86
133.356,-4.0
133.438,-4.15
133.528,-4.32
133.619,-4.47
133.7,-4.63
133.791,-4.78
133.881,-4.9
133.962,-5.02
134.054,-5.14
134.145,-5.27
134.237,-5.42
134.329,-5.54
134.431,-5.63
134.524,-5.72
134.626,-5.78
134.719,-5.83
134.821,-5.87
134.915,-5.9
135.018,-5.92
135.121,-5.94
135.214,-5.91
135.316,-5.9
135.418,-5.95
135.529,-5.99
135.631,-6.01
135.733,-6.03
135.835,-6.07
135.937,-6.11
136.039,-6.16
136.15,-6.2
136.252,-6.22
136.363,-6.24
136.465,-6.25
136.575,-6.23
136.685,-6.19
136.787,-6.19
136.897,-6.22
137.007,-6.27
137.107,-6.32
137.216,-6.38
137.325,-6.48
137.433,-6.58
137.541,-6.7
137.649,-6.81
137.759,-6.89
137.87,-6.96
137.98,-7.0
138.09,-7.01
138.201,-6.99
138.311,-6.95
138.421,-6.87
138.531,-6.79
138.642,-6.75
138.761,-6.75
138.871,-6.79
138.981,-6.82
139.099,-6.86
139.209,-6.89
139.318,-6.92
139.436,-6.93
139.545,-6.94
139.654,-6.94
139.771,-6.93
139.879,-6.89
139.995,-6.86
140.102,-6.83
140.216,-6.81
140.333,-6.79
140.442,-6.8
140.558,-6.81
140.666,-6.81
140.783,-6.83
140.89,-6.86
141.006,-6.87
141.113,-6.84
141.228,-6.81
141.333,-6.79
141.448,-6.79
141.555,-6.79
141.671,-6.79
141.778,-6.78
141.894,-6.81
142.001,-6.82
142.116,-6.79
142.222,-6.77
142.337,-6.79
142.443,-6.81
142.548,-6.81
142.663,-6.83
142.769,-6.84
142.884,-6.85
142.99,-6.84
143.096,-6.82
143.21,-6.79
143.316,-6.74
143.43,-6.72
143.535,-6.71
143.64,-6.68
143.745,-6.65
143.859,-6.59
143.965,-6.53
144.079,-6.51
144.184,-6.51
144.29,-6.51
144.403,-6.56
144.509,-6.63
144.613,-6.69
144.727,-6.74
144.832,-6.78
144.945,-6.82
145.049,-6.82
145.162,-6.79
145.266,-6.77
145.37,-6.75
145.482,-6.71
145.586,-6.68
145.697,-6.63
145.8,-6.57
145.911,-6.52
146.014,-6.5
146.126,-6.49
146.229,-6.49
146.34,-6.48
146.442,-6.5
146.544,-6.55
146.654,-6.6
146.755,-6.65
146.867,-6.68
146.97,-6.69
147.074,-6.68
147.186,-6.66
147.29,-6.66
147.393,-6.63
147.506,-6.6
147.609,-6.56
147.713,-6.51
147.826,-6.46
147.929,-6.41
148.033,-6.36
148.145,-6.32
148.248,-6.3
148.352,-6.29
148.455,-6.29
148.558,-6.31
148.671,-6.34
148.774,-6.34
148.879,-6.27
148.984,-6.24
149.089,-6.24
149.195,-6.23
149.3,-6.21
149.406,-6.19
149.512,-6.15
149.618,-6.08
149.724,-6.01
149.831,-5.96
149.937,-5.9
150.04,-5.85
150.143,-5.81
150.246,-5.8
150.348,-5.82
150.45,-5.85
150.551,-5.88
150.652,-5.93
150.752,-6.02
150.853,-6.11
150.957,-6.2
151.06,-6.3
151.164,-6.4
151.267,-6.44
151.371,-6.46
151.474,-6.49
151.587,-6.5
151.69,-6.47
151.794,-6.43
151.906,-6.42
152.008,-6.41
152.11,-6.42
152.222,-6.41
152.324,-6.41
152.426,-6.44
152.544,-6.49
152.663,-6.5
152.791,-6.5
152.91,-6.52
153.03,-6.49
153.149,-6.49
153.269,-6.52
153.388,-6.57
153.516,-6.61
153.627,-6.68
153.74,-6.75
153.852,-6.77
153.965,-6.79
154.087,-6.85
154.2,-6.87
154.313,-6.85
154.427,-6.84
154.542,-6.83
154.665,-6.81
154.779,-6.8
154.893,-6.79
155.017,-6.76
155.132,-6.72
155.255,-6.76
155.371,-6.85
155.487,-6.89
155.612,-6.93
155.728,-6.95
155.845,-6.89
155.969,-6.87
156.084,-6.84
156.199,-6.82
156.315,-6.78
156.43,-6.71
156.546,-6.6
156.671,-6.46
156.787,-6.37
156.903,-6.28
157.019,-6.17
157.135,-6.12
157.242,-6.13
157.358,-6.06
157.473,-6.04
157.589,-5.99
157.696,-5.9
157.811,-5.77
157.927,-5.62
158.034,-5.51
158.15,-5.39
158.257,-5.27
158.363,-5.16
158.478,-5.08
158.584,-4.96
158.699,-4.92
158.804,-4.92
158.909,-5.03
159.023,-5.16
159.128,-5.25
159.232,-5.34
159.344,-5.4
159.448,-5.46
159.559,-5.48
159.662,-5.54
159.774,-5.64
159.876,-5.73
159.987,-5.78
160.088,-5.89
160.197,-5.95
160.296,-6.02
160.403,-6.08
160.51,-6.11
160.619,-6.1
160.728,-6.05
160.827,-5.98
160.934,-5.87
161.041,-5.74
161.148,-5.58
161.252,-5.45
161.362,-5.37
161.471,-5.35
161.588,-5.34
161.697,-5.38
161.807,-5.44
161.925,-5.52
162.035,-5.62
162.145,-5.72
162.266,-5.83
162.378,-5.91
162.5,-5.99
162.622,-6.09
162.744,-6.15
162.868,-6.22
162.992,-6.31
163.117,-6.44
163.242,-6.54
163.365,-6.63
163.488,-6.71
163.612,-6.76
163.736,-6.78
163.861,-6.78
163.995,-6.74
164.12,-6.7
164.246,-6.66
164.381,-6.63
164.518,-6.62
164.642,-6.62
164.766,-6.6
164.899,-6.61
165.024,-6.6
165.157,-6.61
165.281,-6.61
165.414,-6.59
165.539,-6.58
165.672,-6.56
165.797,-6.52
165.922,-6.49
166.055,-6.47
166.18,-6.5
166.314,-6.52
166.439,-6.55
166.564,-6.52
166.68,-6.45
166.805,-6.39
166.931,-6.31
167.056,-6.21
167.181,-6.1
167.307,-5.96
167.432,-5.9
167.556,-5.86
167.672,-5.81
167.787,-5.69
167.912,-5.58
168.027,-5.47
168.143,-5.36
168.258,-5.28
168.382,-5.23
168.496,-5.23
168.611,-5.24
168.734,-5.2
168.847,-5.21
168.961,-5.27
169.073,-5.3
169.186,-5.32
169.297,-5.41
169.408,-5.54
169.527,-5.59
169.636,-5.63
169.744,-5.66
169.853,-5.66
169.962,-5.59
170.071,-5.52
170.188,-5.5
170.295,-5.52
170.401,-5.56
170.506,-5.61
170.617,-5.71
170.725,-5.77
170.833,-5.8
170.941,-5.86
171.057,-5.94
171.164,-6.05
171.28,-6.11
171.386,-6.12
171.502,-6.19
171.611,-6.25
171.721,-6.16
171.84,-6.01
171.951,-5.89
172.07,-5.78
172.182,-5.64
172.293,-5.54
172.414,-5.45
172.527,-5.38
172.648,-5.3
172.76,-5.22
172.874,-5.15
172.996,-5.1
173.11,-5.0
173.233,-4.95
173.348,-4.97
173.472,-4.96
173.588,-4.96
173.704,-4.98
173.826,-4.99
173.94,-5.0
174.054,-5.0
174.177,-5.03
174.291,-5.1
174.405,-5.24
174.529,-5.32
174.652,-5.41
174.767,-5.5
174.891,-5.6
175.004,-5.71
175.126,-5.78
175.247,-5.79
175.359,-5.81
175.48,-5.82
175.592,-5.83
175.712,-5.84
175.832,-5.79
175.951,-5.67
176.063,-5.6
176.184,-5.56
176.305,-5.53
176.426,-5.58
176.538,-5.69
176.658,-5.8
176.778,-5.9
176.899,-6.01
177.019,-6.13
177.14,-6.25
177.253,-6.31
177.375,-6.28
177.498,-6.2
177.62,-6.07
177.743,-5.9
177.866,-5.74
177.981,-5.57
178.104,-5.38
178.228,-5.27
178.351,-5.21
178.473,-5.17
178.596,-5.11
178.718,-5.09
178.841,-5.12
178.964,-5.13
179.087,-5.11
179.21,-5.1
179.333,-5.13
179.465,-5.16
179.587,-5.13
179.71,-5.11
179.84,-5.14
179.962,-5.21
180.084,-5.36
180.214,-5.51
180.335,-5.69
180.465,-5.82
180.594,-5.91
180.724,-6.0
180.855,-6.08
180.985,-6.14
181.115,-6.19
181.245,-6.28
181.383,-6.35
181.513,-6.38
181.643,-6.44
181.772,-6.47
181.912,-6.49
182.052,-6.5
182.192,-6.53
182.324,-6.55
182.465,-6.59
182.606,-6.62
182.748,-6.6
182.89,-6.56
183.032,-6.56
183.166,-6.54
183.316,-6.56
183.458,-6.61
183.6,-6.64
183.743,-6.66
183.886,-6.68
184.038,-6.7
184.182,-6.72
184.326,-6.74
184.471,-6.75
184.617,-6.72
184.768,-6.64
184.911,-6.6
185.053,-6.62
185.196,-6.61
185.339,-6.57
185.49,-6.53
185.633,-6.49
185.776,-6.42
185.918,-6.39
186.061,-6.38
186.203,-6.34
186.345,-6.31
186.487,-6.36
186.628,-6.39
186.769,-6.39
186.901,-6.38
187.041,-6.38
187.181,-6.39
187.32,-6.34
187.459,-6.27
187.588,-6.2
187.718,-6.17
187.849,-6.13
187.98,-6.04
188.119,-5.91
188.25,-5.81
188.379,-5.75
188.509,-5.7
188.637,-5.56
188.765,-5.39
188.893,-5.19
189.012,-4.96
189.141,-4.76
189.262,-4.55
189.39,-4.4
189.518,-4.35
189.637,-4.38
189.765,-4.42
189.883,-4.47
190.008,-4.53
190.125,-4.63
190.252,-4.76
190.37,-4.87
190.488,-4.94
190.614,-4.99
190.731,-5.01
190.856,-5.0
190.972,-5.0
191.087,-4.99
191.211,-5.04
191.328,-5.14
191.454,-5.24
191.571,-5.35
191.696,-5.47
191.813,-5.54
191.938,-5.55
192.054,-5.56
192.18,-5.49
192.298,-5.38
192.426,-5.25
192.554,-5.14
192.674,-5.03
192.803,-4.9
192.933,-4.74
193.054,-4.57
193.185,-4.49
193.315,-4.44
193.444,-4.45
193.566,-4.5
193.696,-4.53
193.827,-4.61
193.958,-4.7
194.09,-4.81
194.223,-4.95
194.356,-5.06
194.48,-5.11
194.612,-5.12
194.743,-5.11
194.874,-5.06
195.004,-4.95
195.135,-4.9
195.266,-4.79
195.388,-4.67
195.519,-4.58
195.65,-4.51
195.781,-4.48
195.912,-4.44
196.034,-4.4
196.165,-4.36
196.296,-4.32
196.436,-4.29
196.576,-4.26
196.716,-4.17
196.856,-4.04
196.996,-3.9
197.135,-3.71
197.275,-3.58
197.414,-3.53
197.553,-3.49
197.675,-3.47
197.797,-3.48
197.918,-3.46
198.039,-3.46
198.16,-3.47
198.281,-3.49
198.402,-3.48
198.522,-3.44
198.642,-3.37
198.762,-3.29
198.873,-3.16
198.992,-3.04
199.102,-2.98
199.22,-2.93
199.337,-2.89
199.446,-2.88
199.565,-2.87
199.676,-2.84
199.795,-2.79
199.914,-2.74
200.024,-2.7
200.134,-2.65
200.253,-2.59
200.362,-2.52
200.481,-2.45
200.592,-2.39
200.702,-2.31
200.822,-2.28
200.933,-2.28
201.052,-2.31
201.163,-2.38
201.283,-2.44
201.393,-2.47
201.513,-2.48
201.633,-2.46
201.744,-2.43
201.864,-2.43
201.976,-2.41
202.096,-2.41
202.208,-2.44
202.338,-2.46
202.459,-2.48
202.58,-2.5
202.7,-2.56
202.821,-2.7
202.943,-2.82
203.064,-2.92
203.186,-2.99
203.309,-3.04
203.44,-3.09
203.572,-3.14
203.696,-3.15
203.826,-3.15
203.958,-3.17
204.089,-3.21
204.221,-3.23
204.353,-3.27
204.486,-3.37
204.619,-3.49
204.753,-3.6
204.896,-3.72
205.039,-3.84
205.176,-3.96
205.317,-4.08
205.46,-4.13
205.604,-4.15
205.743,-4.14
205.884,-4.12
206.017,-4.11
206.163,-4.1
206.318,-4.04
206.454,-4.0
206.603,-3.95
206.758,-3.93
206.902,-3.91
207.057,-3.89
207.197,-3.89
207.348,-3.86
207.499,-3.83
207.643,-3.79
207.796,-3.75
207.95,-3.71
208.094,-3.62
208.242,-3.51
208.389,-3.41
208.538,-3.3
208.672,-3.25
208.819,-3.23
208.965,-3.23
209.115,-3.22
209.255,-3.19
209.407,-3.15
209.554,-3.14
209.692,-3.15
209.837,-3.1
209.978,-3.05
210.12,-2.98
210.263,-2.89
210.398,-2.83
210.541,-2.76
210.681,-2.66
210.829,-2.57
210.982,-2.52
211.129,-2.54
211.272,-2.57
211.417,-2.59
211.553,-2.58
211.691,-2.58
211.83,-2.56
211.979,-2.51
212.116,-2.47
212.254,-2.45
212.392,-2.39
212.533,-2.31
212.672,-2.22
212.806,-2.14
212.944,-2.06
213.086,-2.02
213.222,-2.0
213.358,-1.99
213.495,-1.98
213.637,-1.98
213.774,-2.01
213.916,-2.01
214.049,-1.97
214.19,-1.96
214.324,-1.96
214.464,-1.98
214.605,-1.96
214.736,-1.94
214.875,-1.91
215.017,-1.91
215.154,-1.93
215.287,-1.93
215.419,-1.92
215.557,-1.92
215.698,-1.91
215.838,-1.89
215.974,-1.85
216.116,-1.82
216.246,-1.78
216.382,-1.75
216.522,-1.78
216.66,-1.84
216.798,-1.94
216.925,-2.05
217.069,-2.15
217.204,-2.24
217.343,-2.3
217.481,-2.34
217.62,-2.35
217.757,-2.34
217.893,-2.25
218.036,-2.11
218.177,-1.96
218.314,-1.83
218.45,-1.75
218.59,-1.71
218.719,-1.69
218.874,-1.71
219.026,-1.76
219.174,-1.83
219.321,-1.93
219.471,-2.07
219.622,-2.2
219.756,-2.29
219.9,-2.42
220.047,-2.57
220.191,-2.68
220.338,-2.75
220.488,-2.8
220.628,-2.88
220.776,-2.93
220.927,-2.97
221.079,-3.06
221.23,-3.21
221.385,-3.31
221.551,-3.42
221.715,-3.57
221.876,-3.71
222.03,-3.83
222.189,-3.96
222.356,-4.11
222.517,-4.24
222.68,-4.34
222.847,-4.4
223.012,-4.5
223.176,-4.61
223.353,-4.72
223.525,-4.85
223.706,-5.04
223.875,-5.22
224.054,-5.37
224.225,-5.51
224.41,-5.67
224.584,-5.81
224.768,-5.9
224.948,-5.96
225.137,-6.08
225.315,-6.2
225.502,-6.26
225.684,-6.31
225.877,-6.41
226.06,-6.46
226.249,-6.38
226.434,-6.3
226.635,-6.22
226.842,-6.13
227.032,-5.98
227.229,-5.8
227.433,-5.65
227.633,-5.49
227.827,-5.34
228.028,-5.26
228.223,-5.25
228.427,-5.29
228.626,-5.38
228.819,-5.54
229.012,-5.74
229.214,-5.91
229.401,-6.01
229.598,-6.07
229.792,-6.12
229.984,-6.12
230.182,-6.09
230.373,-6.05
230.572,-6.06
230.768,-6.05
230.972,-6.0
231.169,-5.98
231.39,-5.98
231.589,-5.99
231.786,-5.99
231.996,-6.01
232.204,-6.04
232.406,-6.04
232.607,-5.99
232.814,-5.91
233.014,-5.79
233.212,-5.66
233.404,-5.53
233.607,-5.42
233.81,-5.34
233.999,-5.27
234.205,-5.17
234.409,-5.07
234.614,-4.97
234.805,-4.85
234.993,-4.71
235.174,-4.57
235.363,-4.45
235.55,-4.36
235.737,-4.29
235.924,-4.18
236.114,-4.09
236.301,-4.0
236.483,-3.89
236.657,-3.77
236.837,-3.64
237.001,-3.5
237.181,-3.39
237.363,-3.29
237.538,-3.21
237.704,-3.14
237.88,-3.09
238.062,-3.03
238.224,-3.0
238.394,-2.98
238.553,-2.99
238.715,-3.01
238.873,-3.0
239.041,-2.95
239.198,-2.87
239.358,-2.81
239.529,-2.74
239.693,-2.7
239.843,-2.59
239.998,-2.46
240.144,-2.36
240.3,-2.26
240.448,-2.16
240.596,-2.03
240.749,-1.87
240.893,-1.66
241.045,-1.47
241.201,-1.26
241.349,-1.01
241.496,-0.75
241.648,-0.5
241.785,-0.3
241.935,-0.15
242.085,-0.05
242.235,0.18
