Time,X_Value
0.0,0.1
0.02501250625312656,0.30969468105293096
0.05002501250625312,0.5136231874453441
0.07503751875937968,0.742726059403998
0.10005002501250625,1.024199805772252
0.1250625312656328,1.3862461948592606
0.15007503751875936,1.8616992492500481
0.17508754377188593,2.4911102221058683
0.2001000500250125,3.325367848494777
0.22511255627813906,4.427184479471704
0.2501250625312656,5.869317454951978
0.27513756878439216,7.7244713094431345
0.3001500750375187,10.036794475020887
0.3251625812906453,12.759669721677515
0.35017508754377186,15.651427924773957
0.3751875937968984,18.171483083544793
0.400200100050025,19.528315337349387
0.42521260630315155,19.045767347484787
0.4502251125562781,16.663688020439395
0.4752376188094047,13.021739282602875
0.5002501250625312,9.006340847364346
0.5252626313156578,5.284773791168675
0.5502751375687843,2.1724500920373138
0.5752876438219109,-0.2743777028732542
0.6003001500750375,-2.13046027872106
0.625312656328164,-3.514982674120365
0.6503251625812906,-4.547889849475535
0.6753376688344171,-5.3323818543276715
0.7003501750875437,-5.950295288482615
0.7253626813406703,-6.4629360628710195
0.7503751875937968,-6.913760843558901
0.7753876938469234,-7.331315011534287
0.80040020010005,-7.731815646385796
0.8254127063531765,-8.121248491935596
0.8504252126063031,-8.497096409552393
0.8754377188594297,-8.849947956339099
0.9004502251125562,-9.165280595565262
0.9254627313656828,-9.425664730179182
0.9504752376188094,-9.613475885721844
0.9754877438719359,-9.713944819841066
1.0005002501250624,-9.718092576641277
1.025512756378189,-9.62491968093379
1.0505252626313155,-9.442271733845335
1.075537768884442,-9.18611832876965
1.1005502751375686,-8.878437621862183
1.1255627813906952,-8.544290984643279
1.1505752876438218,-8.208824218868681
1.1755877938969483,-7.894814295939847
1.200600300150075,-7.6210949703774284
1.2256128064032015,-7.401889409644697
1.250625312656328,-7.246861756213668
1.2756378189094546,-7.1616054827220275
1.3006503251625812,-7.148291380036789
1.3256628314157077,-7.206258318252858
1.3506753376688343,-7.332408731755468
1.3756878439219609,-7.521345486801767
1.4007003501750874,-7.76525327414242
1.425712856428214,-8.05358910731934
1.4507253626813406,-8.372710100087616
1.4757378689344671,-8.705631442767267
1.5007503751875937,-9.0321627018258
1.5257628814407203,-9.329684001555446
1.5507753876938468,-9.57475200605912
1.5757878939469734,-9.745535639024055
1.6008004002001,-9.824781624381243
1.6258129064532265,-9.802698035689225
1.650825412706353,-9.67897756273778
1.6758379189594796,-9.463304703559094
1.7008504252126062,-9.174110858911575
1.7258629314657328,-8.835888565077003
1.7508754377188593,-8.475792240648756
1.775887943971986,-8.120362697770299
1.8009004502251125,-7.79301401232365
1.825912956478239,-7.512567173041605
1.8509254627313656,-7.292778621479225
1.8759379689844922,-7.142600729916177
1.9009504752376187,-7.066841824371694
1.9259629814907453,-7.066925110837561
1.9509754877438719,-7.141526743498505
1.9759879939969984,-7.286962307636765
2.0010005002501248,-7.497270197047433
2.0260130065032516,-7.764008408980361
2.051025512756378,-8.07584495811996
2.0760380190095047,-8.418091200542959
2.101050525262631,-8.772400329446816
2.126063031515758,-9.11691701272447
2.151075537768884,-9.427177348095249
2.176088044022011,-9.67796839735995
2.2011005502751373,-9.846123748097115
2.226113056528264,-9.913871914219778
2.2511255627813904,-9.871995223181896
2.276138069034517,-9.721894114044398
2.3011505752876436,-9.475849386167368
2.3261630815407703,-9.155306390936973
2.3511755877938967,-8.787646309477447
2.3761880940470235,-8.402342182391909
2.40120060030015,-8.02744454306466
2.4262131065532766,-7.687050949248864
2.451225612806403,-7.399985695840893
2.4762381190595297,-7.179551436927165
2.501250625312656,-7.034013695575059
2.526263131565783,-6.967437962499231
2.551275637818909,-6.980559184231839
2.576288144072036,-7.071463563309627
2.6013006503251623,-7.235960980649135
2.626313156578289,-7.46760838389921
2.6513256628314155,-7.757413262137394
2.6763381690845423,-8.093312188905266
2.7013506753376686,-8.459594692429095
2.7263631815907954,-8.836526669516674
2.7513756878439217,-9.2005019211947
2.7763881940970485,-9.525066127735256
2.801400700350175,-9.783049162212313
2.8264132066033016,-9.949758912808667
2.851425712856428,-10.006760362843268
2.8764382191095548,-9.945348496736042
2.901450725362681,-9.76866493789092
2.926463231615808,-9.49169115803413
2.9514757378689342,-9.139017211987591
2.976488244122061,-8.741026231845725
3.0015007503751874,-8.329580454161173
3.026513256628314,-7.934266653334209
3.0515257628814405,-7.57986297715155
3.0765382691345673,-7.285184270698592
3.1015507753876936,-7.063072921731432
3.1265632816408204,-6.921117038268093
3.1515757878939468,-6.862668340064646
3.1765882941470736,-6.887822478030573
3.2016008004002,-6.994142967896634
3.2266133066533262,-7.1770166454412685
3.251625812906453,-7.429612402779996
3.2766383191595794,-7.742483359739793
3.301650825412706,-8.102920375599904
3.3266633316658325,-8.49424735122717
3.3516758379189593,-8.895346069530255
3.3766883441720856,-9.280787125919183
3.4017008504252124,-9.621966616950038
3.4267133566783388,-9.889521831173946
3.4517258629314655,-10.056961381785682
3.476738369184592,-10.104934395160605
3.5017508754377187,-10.025076669737945
3.526763381690845,-9.822213449726892
3.551775887943972,-9.51407787209858
3.576788394197098,-9.128525044580773
3.601800900450225,-8.699080492993852
3.6268134067033513,-8.2601183831789
3.651825912956478,-7.8428505802578306
3.6768384192096044,-7.472793044827721
3.701850925462731,-7.168788271843906
3.7268634317158575,-6.943248099066947
3.7518759379689843,-6.8031157861903555
3.7768884442221107,-6.751071956007397
3.8019009504752375,-6.78663052377235
3.826913456728364,-6.906908183511904
3.8519259629814906,-7.106964887015792
3.876938469234617,-7.379697314289883
3.9019509754877437,-7.715334106338757
3.92696348174087,-8.100651153776715
3.951975987993997,-8.518115127518557
3.976988494247123,-8.945276467678866
4.0020010005002495,-9.354842448561337
4.027013506753376,-9.715897008842264
4.052026013006503,-9.996595194374926
4.07703851925963,-10.168264585535482
4.102051025512756,-10.21023761881051
4.127063531765883,-10.11416052854991
4.152076038019009,-9.886352164896568
4.177088544272136,-9.547270270887948
4.202101050525262,-9.128142379102417
4.227113556778389,-8.665819863897434
4.252126063031516,-8.197389704638102
4.277138569284642,-7.7558674606742075
4.302151075537768,-7.3676466770324485
4.327163581790895,-7.051699138007683
4.352176088044022,-6.820079509146515
4.377188594297149,-6.679143635701263
4.402201100550275,-6.630955148871163
4.427213606803401,-6.67450853553247
4.452226113056528,-6.806554451522995
4.477238619309655,-7.021933831476258
4.502251125562781,-7.313411257122633
4.527263631815908,-7.671062072606464
4.552276138069034,-8.08133768651291
4.577288644322161,-8.526030191001018
4.602301150575287,-8.981489130672703
4.627313656828414,-9.418578856082277
4.652326163081541,-9.803924956064481
4.6773386693346675,-10.1028573407913
4.702351175587793,-10.284006151891495
4.72736368184092,-10.324784757221579
4.752376188094047,-10.216292644812487
4.777388694347174,-9.965956009210517
4.8024012006003,-9.59681057825283
4.827413706853426,-9.143539650971286
4.852426213106553,-8.646563062933119
4.877438719359679,-8.145992069535195
4.902451225612806,-7.676950555391456
4.927463731865933,-7.266963245102647
4.9524762381190595,-6.935319323127905
4.977488744372185,-6.6938447790275175
5.002501250625312,-6.548393703496728
5.027513756878439,-6.500475751372955
5.052526263131566,-6.5486273714373935
5.077538769384692,-6.689312617726302
5.102551275637818,-6.91726824157817
5.127563781890945,-7.225290464204252
5.152576288144072,-7.603519913895519
5.177588794397198,-8.038349207482469
5.202601300650325,-8.511180422159775
5.2276138069034515,-8.99740946653448
5.252626313156578,-9.466184268843753
5.277638819409704,-9.881582830345913
5.302651325662831,-10.20573242709553
5.327663831915958,-10.403895861441672
5.3526763381690845,-10.450701463342716
5.37768884442221,-10.335824530779963
5.402701350675337,-10.067117438079542
5.427713856928464,-9.66985349261953
5.452726363181591,-9.182198796720527
5.477738869434717,-8.648453991305614
5.5027513756878434,-8.112215592134438
5.52776388194097,-7.611196192425078
5.552776388194097,-7.17446489127262
5.577788894447223,-6.82193675935683
5.60280140070035,-6.565413108536997
5.6278139069534765,-6.410367854609966
5.652826413206603,-6.357827445972624
5.677838919459729,-6.405923535911256
5.702851425712856,-6.550901321952113
5.727863931965983,-6.7875050147102955
5.7528764382191095,-7.108742859902698
5.777888944472235,-7.505087134249888
5.802901450725362,-7.963226037434196
5.827913956978489,-8.464589001683276
5.852926463231616,-8.984034158186248
5.877938969484742,-9.489295953121651
5.9029514757378685,-9.941947815943946
5.927963981990995,-10.30055802187214
5.952976488244122,-10.526205229722711
5.977988994497248,-10.5895408141405
6.003001500750375,-10.47749297373446
6.0280140070035015,-10.19721111385157
6.053026513256628,-9.775539001318391
6.078039019509754,-9.254020580426307
6.103051525762881,-8.681210258261455
6.128064032016008,-8.104843599580509
6.153076538269135,-7.565946604262154
6.1780890445222605,-7.095775213695899
6.203101550775387,-6.715355276425902
6.228114057028514,-6.436779485305179
6.253126563281641,-6.26531692195285
6.278139069534767,-6.201591454635264
6.3031515757878935,-6.243366184181044
6.32816408204102,-6.38670776842553
6.353176588294147,-6.626457276122594
6.378189094547273,-6.95601431623561
6.4032016008004,-7.366485953242942
6.428214107053527,-7.845302034536558
6.4532266133066525,-8.374497262957165
6.478239119559779,-8.929038607490579
6.503251625812906,-9.475826628923793
6.528264132066033,-9.974233703604483
6.553276638319159,-10.379058021871687
6.5782891445722855,-10.646299740609056
6.603301650825412,-10.74108190275635
6.628314157078539,-10.645665209050732
6.653326663331665,-10.36468550036805
6.678339169584792,-9.925325267986283
6.703351675837919,-9.372102875031935
6.728364182091045,-8.75820054249302
6.753376688344171,-8.136375709769355
6.778389194597298,-7.552030266778634
6.803401700850425,-7.03958791142886
6.828414207103552,-6.621941645111757
6.8534267133566775,-6.311970952539297
6.878439219609804,-6.115006866532467
6.903451725862931,-6.031373448143008
6.928464232116058,-6.058476869507165
6.953476738369184,-6.1921965412671085
6.978489244622311,-6.427506545777818
7.003501750875437,-6.758340581846766
7.028514257128564,-7.176747196309269
7.05352676338169,-7.67141525562173
7.078539269634817,-8.225731517983439
7.103551775887944,-8.815707154635462
7.12856428214107,-9.408391975026891
7.153576788394196,-9.961720307806864
7.178589294647323,-10.426893168108144
7.20360180090045,-10.754062723056398
7.228614307153577,-10.900977840538264
7.253626813406703,-10.842571587937059
7.278639319659829,-10.578142521906456
7.303651825912956,-10.133004330635492
7.328664332166083,-9.553600256266462
7.353676838419209,-8.897930327485932
7.378689344672336,-8.224877109380989
7.403701850925462,-7.585735527421254
7.428714357178589,-7.019586320011409
7.453726863431715,-6.5523824665893615
7.478739369684842,-6.19859280223318
7.503751875937969,-5.964049262390066
7.5287643821910955,-5.848937639143769
7.553776888444221,-5.85029572353229
7.578789394697348,-5.963731918024158
7.603801900950475,-6.1842903432677945
7.628814407203602,-6.506484280216156
7.653826913456728,-6.923545028051806
7.678839419709854,-7.4259435588243905
7.703851925962981,-7.99929331971411
7.728864432216108,-8.621891708122204
7.753876938469234,-9.262446812129632
7.778889444722361,-9.878941560699783
7.8039019509754874,-10.419937671380065
7.828914457228614,-10.829543144143225
7.85392696348174,-11.056313310622729
7.878939469734867,-11.064456690742414
7.903951975987994,-10.843704755755436
7.9289644822411205,-10.413646910046175
7.953976988494246,-9.82025956490741
7.978989494747373,-9.125885791201277
8.004002001000499,-8.396692552093189
8.029014507253626,-7.6919452581460535
8.054027013506753,-7.057634466655642
8.07903951975988,-6.524689630733738
8.104052026013006,-6.110523177285383
8.129064532266133,-5.82224963490767
8.15407703851926,-5.660232338221155
8.179089544772385,-5.621137188030934
8.204102051025512,-5.700124256231914
8.229114557278638,-5.892087564114453
8.254127063531765,-6.191977616576706
8.279139569784892,-6.594265817439192
8.304152076038019,-7.091595350648847
8.329164582291146,-7.672670336427845
8.354177088544272,-8.319530347459203
8.379189594797397,-9.00460721543171
8.404202101050524,-9.68839870150814
8.429214607303651,-10.319128941574837
8.454227113556778,-10.836063735627743
8.479239619809904,-11.177628464895813
8.504252126063031,-11.293668694631338
8.529264632316158,-11.158503925895248
8.554277138569285,-10.779558077302084
8.57928964482241,-10.19730448202547
8.604302151075537,-9.476144477401716
8.629314657328663,-8.690115617403897
8.65432716358179,-7.909028281447682
8.679339669834917,-7.189128247864106
8.704352176088044,-6.569451231163355
8.72936468234117,-6.072731764780869
8.754377188594297,-5.70885624658825
8.779389694847422,-5.479068929685669
8.80440220110055,-5.379783433529938
8.829414707353676,-5.4054613684046515
8.854427213606803,-5.550416810879475
8.87943971985993,-5.809593317584094
8.904452226113056,-6.178402736074225
8.929464732366183,-6.651683457313671
8.95447723861931,-7.221794314333576
8.979489744872435,-7.875877018821364
9.004502251125562,-8.59247407654488
9.029514757378688,-9.338064411382419
9.054527263631815,-10.064697691995988
9.079539769884942,-10.710588342937422
9.104552276138069,-11.205721312428778
9.129564782391196,-11.48340345619852
9.154577288644322,-11.495862661850625
9.179589794897447,-11.228578844592864
9.204602301150574,-10.7067550466243
9.229614807403701,-9.9902614823617
9.254627313656828,-9.159123503839169
9.279639819909955,-8.29596798038089
9.304652326163081,-7.471922354887845
9.329664832416208,-6.73922654826229
9.354677338669335,-6.130242896876123
9.37968984492246,-5.660613884362873
9.404702351175587,-5.334121269171485
9.429714857428714,-5.147508449117409
9.45472736368184,-5.094367710067492
9.479739869934967,-5.1678035884756355
9.504752376188094,-5.361905484675781
9.52976488244122,-5.672165973828372
9.554777388694347,-6.0949565528894105
9.579789894947472,-6.626094628598881
9.6048024012006,-7.258468934584697
9.629814907453726,-7.97870907891253
9.654827413706853,-8.763089671500381
9.67983991995998,-9.573359356269066
9.704852426213106,-10.354016746220674
9.729864932466233,-11.03345059981368
9.754877438719358,-11.531531179608221
9.779889944972485,-11.774537409729904
9.804902451225612,-11.714335917273042
9.829914957478739,-11.344421820137331
9.854927463731865,-10.704704428216688
9.879939969984992,-9.871914421366808
9.904952476238119,-8.940123232048345
9.929964982491246,-8.000180895770454
9.95497748874437,-7.125318292562962
9.979989994997498,-6.365347872405774
10.005002501250624,-5.747840218923888
10.030015007503751,-5.283106950600238
10.055027513756878,-4.970213015881605
10.080040020010005,-4.802337945216555
10.105052526263131,-4.770788748599629
10.130065032516258,-4.867571588172272
10.155077538769383,-5.086691555090549
10.18009004502251,-5.424388994055598
10.205102551275637,-5.878442634800663
10.230115057528764,-6.446547542320809
10.25512756378189,-7.123670850114518
10.280140070035017,-7.898274530652633
10.305152576288144,-8.747492142418219
10.33016508254127,-9.631913420476508
10.355177588794396,-10.491667638726788
10.380190095047523,-11.246764565062161
10.40520260130065,-11.805182484044844
10.430215107553776,-12.080364010067942
10.455227613806903,-12.014726207215494
10.48024012006003,-11.599833730833934
10.505252626313156,-10.882514431345424
10.530265132566283,-9.952749463915668
10.555277638819408,-8.919396082422566
10.580290145072535,-7.885307818806287
10.605302651325662,-6.9308450225549505
10.630315157578789,-6.108199399288687
10.655327663831915,-5.443913843589878
10.680340170085042,-4.945440020101645
10.705352676338169,-4.608413605117171
10.730365182591296,-4.422827405787931
10.75537768884442,-4.377479181757938
10.780390195097548,-4.4627388865706195
10.805402701350674,-4.6719314590482535
10.830415207603801,-5.0016352952871115
10.855427713856928,-5.4510789084693565
10.880440220110055,-6.020653818693726
10.905452726363182,-6.709399466754814
10.930465232616308,-7.511216559049883
10.955477738869433,-8.40964157870138
10.98049024512256,-9.37146456264444
11.005502751375687,-10.340532064964695
11.030515257628814,-11.23476751582504
11.05552776388194,-11.950999191269068
11.080540270135067,-12.381611513522698
11.105552776388194,-12.442046250430325
11.13056528264132,-12.099647531718723
11.155577788894446,-11.388904642342977
11.180590295147573,-10.403289688073782
11.2056028014007,-9.267673543208312
11.230615307653826,-8.105911712766527
11.255627813906953,-7.017352109031733
11.28064032016008,-6.067400555973663
11.305652826413207,-5.289479380786272
11.330665332666332,-4.692856563412929
11.355677838919458,-4.271723826154184
11.380690345172585,-4.012972850995872
11.405702851425712,-3.901807796126971
11.430715357678839,-3.9252716234243095
11.455727863931966,-4.074118089771914
11.480740370185092,-4.343482350296889
11.505752876438219,-4.732669871098079
11.530765382691344,-5.244189375080864
11.55577788894447,-5.881943533555952
11.580790395197598,-6.648287863191662
11.605802901450724,-7.539530784996294
11.630815407703851,-8.539518980128395
11.655827913956978,-9.611518001828767
11.680840420210105,-10.690045142400129
11.705852926463232,-11.676756780425636
11.730865432716357,-12.446860627828196
11.755877938969483,-12.871696325194979
11.78089044522261,-12.855532478474545
11.805902951475737,-12.372031435586894
11.830915457728864,-11.479308958323013
11.85592796398199,-10.302744719925455
11.880940470235117,-8.995424325627141
11.905952976488244,-7.698011803055352
11.93096548274137,-6.51429455737665
11.955977988994496,-5.505254992351665
11.980990495247623,-4.695574400760276
12.00600300150075,-4.084970319292866
12.031015507753876,-3.659246308008914
12.056028014007003,-3.398825274324739
12.08104052026013,-3.2844099230855828
12.106053026513257,-3.3002541091968647
12.131065532766382,-3.4357346377877356
12.156078039019508,-3.6858204127697425
12.181090545272635,-4.0508362239951685
12.206103051525762,-4.5356912767828605
12.231115557778889,-5.148508255233079
12.256128064032016,-5.898342962613704
12.281140570285142,-6.791435766528034
12.30615307653827,-7.825260126099875
12.331165582791394,-8.979767667846469
12.356178089044521,-10.206178506286179
12.381190595297648,-11.416111551625567
12.406203101550775,-12.47790375848781
12.431215607803901,-13.230301413865519
12.456228114057028,-13.520324520461068
12.481240620310155,-13.256950059821214
12.506253126563282,-12.45304950928594
12.531265632816407,-11.226711045370184
12.556278139069533,-9.759247038925926
12.58129064532266,-8.236819659553154
12.606303151575787,-6.806668391732947
12.631315657828914,-5.560404954768619
12.65632816408204,-4.5386666645906555
12.681340670335167,-3.7455001233217065
12.706353176588294,-3.163662258411479
12.73136568284142,-2.7667296660567273
12.756378189094546,-2.527159931452349
12.781390695347673,-2.4209360803432247
12.8064032016008,-2.4298169625242454
12.831415707853926,-2.5421201235529316
12.856428214107053,-2.75271543488959
12.88144072036018,-3.0626517999844736
12.906453226613305,-3.4786134578712167
12.931465732866432,-4.012199276312198
12.956478239119559,-4.678805698717665
12.981490745372685,-5.495631902376682
13.006503251625812,-6.47798714240285
13.031515757878939,-7.632711710886231
13.056528264132066,-8.94738648024331
13.081540770385192,-10.374829448419927
13.106553276638317,-11.815496451436758
13.131565782891444,-13.106919043626322
13.156578289144571,-14.036796246458144
13.181590795397698,-14.394515553947144
13.206603301650825,-14.05209101057974
13.231615807903951,-13.029600511641185
13.256628314157078,-11.495041475902223
13.281640820410205,-9.696046605135992
13.30665332666333,-7.872463917173608
13.331665832916457,-6.199140282884934
13.356678339169584,-4.771747728203709
13.38169084542271,-3.6207141607054654
13.406703351675837,-2.7341976330369917
13.431715857928964,-2.078708204528728
13.45672836418209,-1.613589310947347
13.481740870435218,-1.2996053348199323
13.506753376688343,-1.1031980798281407
13.53176588294147,-0.998010453672644
13.556778389194596,-0.9649046733930139
13.581790895447723,-0.9912970825789715
13.60680340170085,-1.0703090904524237
13.631815907953976,-1.200009430903032
13.656828414207103,-1.3828807454664491
13.68184092046023,-1.625558311501953
13.706853426713355,-1.9388375446078192
13.731865932966482,-2.3379065460483455
13.756878439219609,-2.842705031093436
13.781890945472735,-3.4782062868754657
13.806903451725862,-4.274209527350193
13.831915957978989,-5.263830555478059
13.856928464232116,-6.479185072176997
13.881940970485243,-7.941745038245923
13.906953476738368,-9.643925416469642
13.931965982991494,-11.51933092257552
13.956978489244621,-13.40585311357933
13.981990995497748,-15.023189622301096
14.007003501750875,-16.00788118314559
14.032016008004002,-16.038834993594254
14.057028514257128,-15.006509160081658
14.082041020510255,-13.092509026626649
14.10705352676338,-10.679252797135188
14.132066033016507,-8.170583534382468
14.157078539269634,-5.860588998307044
14.18209104552276,-3.900183665309151
14.207103551775887,-2.3265938265880775
14.232116058029014,-1.1087932860181193
14.25712856428214,-0.18451250658754204
14.282141070535268,0.5164906629052447
14.307153576788393,1.0603356435516709
14.33216608304152,1.5041614031741994
14.357178589294646,1.8953646002476205
14.382191095547773,2.2728669514359003
14.4072036018009,2.66917335902778
14.432216108054027,3.11251626858392
14.457228614307153,3.628675782467496
14.482241120560278,4.242174621822674
14.507253626813405,4.976501164854629
14.532266133066532,5.852828548740114
14.557278639319659,6.886403227415715
14.582291145572785,8.079502500728786
14.607303651825912,9.409998868164218
14.632316158079039,10.816001255998657
14.657328664332166,12.181027507179305
14.68234117058529,13.330879808426062
14.707353676838418,14.058276261630807
14.732366183091544,14.183072497343579
14.757378689344671,13.62787831100229
14.782391195597798,12.461632896736324
14.807403701850925,10.876175308472506
14.832416208104052,9.11164630434503
14.857428714357178,7.380749495093004
14.882441220610303,5.827849435287186
14.90745372686343,4.525056646156654
14.932466233116557,3.4888934502755844
14.957478739369684,2.701717519367901
14.98249124562281,2.129599802161492
15.007503751875937,1.7344088736526884
15.032516258129064,1.4807660254842998
15.057528764382191,1.3393636265711195
15.082541270635316,1.2880494114365861
15.107553776888443,1.3117226673536686
15.13256628314157,1.401731578765243
15.157578789394696,1.5551834373306044
15.182591295647823,1.7743866994956978
15.20760380190095,2.066516541030292
15.232616308154077,2.443507189705042
15.257628814407203,2.9220950305182165
15.282641320660328,3.523829991496171
15.307653826913455,4.274689777226526
15.332666333166582,5.203602856216579
15.357678839419709,6.3386346886556115
15.382691345672836,7.698806058292305
15.407703851925962,9.278812103498295
15.43271635817909,11.024549262986387
15.457728864432216,12.802297314521278
15.482741370685341,14.3772460505016
15.507753876938468,15.434293498159688
15.532766383191595,15.671592773416995
15.557778889444721,14.94311208732752
15.582791395697848,13.351057479301046
15.607803901950975,11.2026486261987
15.632816408204102,8.866652844111051
15.657828914457228,6.642259275828576
15.682841420710353,4.705742099644158
15.70785392696348,3.1221864016368683
15.732866433216607,1.8825961809895024
15.757878939469734,0.9394221487136696
15.78289144572286,0.23126153861073878
15.807903951975987,-0.30302416489698214
15.832916458229114,-0.717731987494916
15.857928964482241,-1.0583352135185715
15.882941470735366,-1.3619798476620433
15.907953976988493,-1.6591278633700959
15.93296648324162,-1.9755815202012557
15.957978989494746,-2.334483058241009
15.982991495747873,-2.7580837999344157
16.008004002000998,-3.2691513402842776
16.033016508254125,-3.891848870657072
16.05802901450725,-4.651769022796147
16.08304152076038,-5.574508272821218
16.108054027013505,-6.681708382666258
16.133066533266632,-7.982946631382852
16.15807903951976,-9.46164760370237
16.183091545772886,-11.054505624484593
16.208104052026012,-12.628926198324113
16.23311655827914,-13.97319214229223
16.258129064532266,-14.824026828053782
16.283141570785393,-14.94748856171393
16.30815407703852,-14.246076699162957
16.333166583291646,-12.8188817308791
16.35817908954477,-10.921852369494992
16.383191595797896,-8.858680746862538
16.408204102051023,-6.880943114524275
16.43321660830415,-5.144050602505069
16.458229114557277,-3.712542757778329
16.483241620810404,-2.5872848847910586
16.50825412706353,-1.7338219357502613
16.533266633316657,-1.1034215116107446
16.558279139569784,-0.6459201649399685
16.58329164582291,-0.31626764583943634
16.608304152076037,-0.07699892236820675
16.633316658329164,0.10161117084187729
16.65832916458229,0.24253589056726532
16.683341670835418,0.3634204244689885
16.708354177088545,0.4780608720299825
16.73336668334167,0.5977655814852031
16.758379189594795,0.7325488973962835
16.78339169584792,0.8921737319210721
16.80840420210105,1.0870904398863317
16.833416708354175,1.3293290495798942
16.858429214607302,1.6333967294184224
16.88344172086043,2.017211786209806
16.908454227113555,2.503059105680104
16.933466733366682,3.1184532165450123
16.95847923961981,3.8965913585189647
16.983491745872936,4.875672605428083
17.008504252126063,6.09560115985728
17.03351675837919,7.589345815599371
17.058529264632316,9.364680469456603
17.083541770885443,11.37169751783444
17.10855427713857,13.457027799011588
17.133566783391696,15.324963272057104
17.15857928964482,16.557499929121246
17.183591795897946,16.749491828910397
17.208604302151073,15.724408070775075
17.2336168084042,13.661398755171927
17.258629314657327,11.001489786092892
17.283641820910454,8.222160660093698
17.30865432716358,5.6683147020303295
17.333666833416707,3.511192541464143
17.358679339669834,1.7875828076066582
17.38369184592296,0.45661607972496093
17.408704352176088,-0.5560800197364807
17.433716858429214,-1.3318740617379756
17.45872936468234,-1.9460385104379803
17.483741870935468,-2.4628774684042645
17.508754377188595,-2.935252248266044
17.53376688344172,-3.4061096556513477
17.558779389694845,-3.9106052438967644
17.58379189594797,-4.477991747462555
17.6088044022011,-5.132725004887713
17.633816908454225,-5.894315258035747
17.658829414707352,-6.775404266857139
17.68384192096048,-7.777500925490012
17.708854427213605,-8.884002159643266
17.733866933466732,-10.051000828133894
17.75887943971986,-11.19847583065518
17.783891945972986,-12.20777556983338
17.808904452226113,-12.93389341320466
17.83391695847924,-13.238138523037417
17.858929464732366,-13.034524429930162
17.883941970985493,-12.327431332054912
17.90895447723862,-11.215946344985209
17.933966983491743,-9.86043543679565
17.95897948974487,-8.432030288229614
17.983991995997997,-7.071737818199701
18.009004502251123,-5.872159367068785
18.03401700850425,-4.878908798661023
18.059029514757377,-4.102217755104291
18.084042021010504,-3.53059961112656
18.10905452726363,-3.142296924312298
18.134067033516757,-2.913267941240621
18.159079539769884,-2.8220227246362755
18.18409204602301,-2.852134740975981
18.209104552276138,-2.9932500818497068
18.234117058529264,-3.2412200210340956
18.25912956478239,-3.5977437253164473
18.284142071035518,-4.069676877658835
18.309154577288645,-4.667935118944872
18.334167083541768,-5.405676067344439
18.359179589794895,-6.295159754387879
18.38419209604802,-7.342393443415218
18.40920460230115,-8.538537157263807
18.434217108554275,-9.847563274804088
18.459229614807402,-11.191734319573156
18.48424212106053,-12.44097988704872
18.509254627313656,-13.418121588699279
18.534267133566782,-13.932938175790802
18.55927963981991,-13.844475278116432
18.584292146073036,-13.12386752798353
18.609304652326163,-11.875314624812995
18.63431715857929,-10.297362217273923
18.659329664832416,-8.611148428160368
18.684342171085543,-6.9993231202631625
18.70935467733867,-5.5788002719112715
18.734367183591793,-4.403226753460045
18.75937968984492,-3.479929754725439
18.784392196098047,-2.788926335186392
18.809404702351173,-2.298078003525801
18.8344172086043,-1.9731010824490778
18.859429714857427,-1.78323305013304
18.884442221110554,-1.7038844598978604
18.90945472736368,-1.7174715256870836
18.934467233616807,-1.8133063100651705
18.959479739869934,-1.9871139354859673
18.98449224612306,-2.2405046130247457
19.009504752376188,-2.5805510653584225
19.034517258629315,-3.0194845169360556
19.05952976488244,-3.574390482877677
19.084542271135568,-4.266614095051099
19.109554777388695,-5.1203175993660635
19.134567283641818,-6.159212180924689
19.159579789894945,-7.399907228173449
19.18459229614807,-8.839805717962658
19.2096048024012,-10.437870344042262
19.234617308654325,-12.089870913406072
19.259629814907452,-13.608495867436906
19.28464232116058,-14.731668895842654
19.309654827413706,-15.185249519252958
19.334667333666832,-14.794664628243735
19.35967983991996,-13.581050502893804
19.384692346173086,-11.76241719970111
19.409704852426213,-9.655089854790614
19.43471735867934,-7.552959090917192
19.459729864932466,-5.656601823001188
19.484742371185593,-4.06362154312179
19.509754877438716,-2.7932228944448045
19.534767383691843,-1.817890482031527
19.55977988994497,-1.0888133434309846
19.584792396198097,-0.5521754840340476
19.609804902451224,-0.15788698068198015
19.63481740870435,0.13675618269027084
19.659829914957477,0.366391998589251
19.684842421210604,0.5584514740245916
19.70985492746373,0.7346721941010053
19.734867433716857,0.9127774847571448
19.759879939969984,1.1080878464713073
19.78489244622311,1.3349833707619216
19.809904952476238,1.6082159985328193
19.834917458729365,1.9441006865469705
19.85992996498249,2.3616050491132574
19.884942471235618,2.8833040247556476
19.90995497748874,3.5360469516834825
19.934967483741868,4.35094905001222
19.959979989994995,5.361884488173892
19.984992496248122,6.600920681156178
20.01000500250125,8.088086836733746
20.035017508754375,9.811998177292336
20.060030015007502,11.699051975906553
20.08504252126063,13.576504213768235
20.110055027513756,15.153163466127184
20.135067533766883,16.06214159298718
20.16008004002001,15.994447559444353
20.185092546273136,14.866530837696029
20.210105052526263,12.885391929829202
20.23511755877939,10.443985072463164
20.260130065032516,7.9406738825982215
20.285142571285643,5.656598881388241
20.310155077538766,3.7303287581507485
20.335167583791893,2.1907066368424877
20.36018009004502,1.0022679904400564
20.385192596298147,0.10105734671655332
20.410205102551274,-0.5832845793308684
20.4352176088044,-1.1162621462672795
20.460230115057527,-1.5541712754879324
20.485242621310654,-1.9436065275138918
20.51025512756378,-2.3228498819072954
20.535267633816908,-2.7239633303796285
20.560280140070034,-3.1749163012443593
20.58529264632316,-3.7013533365816196
20.610305152576288,-4.327700464069327
20.635317658829415,-5.077247891966568
20.66033016508254,-5.970648102136034
20.68534267133567,-7.021969376017247
20.71035517758879,-8.231195507678516
20.73536768384192,-9.572300550771395
20.760380190095045,-10.977694237229107
20.785392696348172,-12.32415978336666
20.8104052026013,-13.432231263319037
20.835417708854425,-14.094908888950666
20.860430215107552,-14.141111466581698
20.88544272136068,-13.50979664877267
20.910455227613806,-12.286477531138296
20.935467733866933,-10.67213286805944
20.96048024012006,-8.906204404627962
20.985492746373186,-7.194080182743221
21.010505252626313,-5.671062158332854
21.03551775887944,-4.40172998118206
21.060530265132567,-3.3977122907091357
21.08554277138569,-2.638875497269708
21.110555277638817,-2.09050293142578
21.135567783891943,-1.7146958471464804
21.16058029014507,-1.476822919104362
21.185592796398197,-1.3485195958763658
21.210605302651324,-1.3085983983852971
21.23561780890445,-1.342868920923472
21.260630315157577,-1.443518718452496
21.285642821410704,-1.6084397049831667
21.31065532766383,-1.8407007137492652
21.335667833916958,-2.1482448012573965
21.360680340170084,-2.543802430444557
21.38569284642321,-3.0449279304132304
21.410705352676338,-3.6739481676036183
21.435717858929465,-4.45740625550287
21.46073036518259,-5.424217599888928
21.485742871435715,-6.601158321762962
21.51075537768884,-8.003505580603486
21.53576788394197,-9.61809215945688
21.560780390195095,-11.377259886171869
21.585792896448222,-13.128458726996076
21.61080540270135,-14.618553454796826
21.635817908954476,-15.527597190143245
21.660830415207602,-15.575814087423124
21.68584292146073,-14.664025086398492
21.710855427713856,-12.942029498803537
21.735867933966983,-10.739223371650828
21.76088044022011,-8.416263600227921
21.785892946473236,-6.248085286651319
21.810905452726363,-4.386245226884627
21.83591795897949,-2.8782922804441244
21.860930465232617,-1.7056323765438486
21.88594297148574,-0.8169660631289162
21.910955477738867,-0.15061484118585886
21.935967983991993,0.3531333962201859
21.96098049024512,0.746550200002498
21.985992996498247,1.0730879371212796
22.011005502751374,1.3681607010129682
22.0360180090045,1.6608874549849262
22.061030515257627,1.9761200442307505
22.086043021510754,2.3364039207381784
22.11105552776388,2.763694622892437
22.136068034017008,3.2807107675851133
22.161080540270135,3.911756415417503
22.18609304652326,4.682681023298485
22.211105552776388,5.619332496576091
22.236118059029515,6.743378547511688
22.26113056528264,8.063809503962153
22.286143071535765,9.56224689565854
22.31115557778889,11.17164280399232
22.33616808404202,12.75335715738752
22.361180590295145,14.088341863904164
22.386193096548272,14.908061240131751
22.4112056028014,14.980072462519713
22.436218109054526,14.217059102161736
22.461230615307652,12.732721935628696
22.48624312156078,10.794400884739341
22.511255627813906,8.709502969928721
22.536268134067033,6.726745558192729
22.56128064032016,4.995804201717659
22.586293146573286,3.575600915623875
22.611305652826413,2.4628172683260603
22.63631815907954,1.620384244200913
22.661330665332663,0.998169420966412
22.68634317158579,0.5453847803761798
22.711355677838917,0.21676792994289926
22.736368184092044,-0.02520277591349425
22.76138069034517,-0.21032139535591043
22.786393196598297,-0.36174856613643047
22.811405702851424,-0.4975050905916399
22.83641820910455,-0.6320036575688227
22.861430715357677,-0.7774598289008283
22.886443221610804,-0.9451416692250384
22.91145572786393,-1.1464798915931098
22.936468234117058,-1.3940870540012877
22.961480740370185,-1.7027371760470693
22.98649324662331,-2.090338867533045
23.011505752876438,-2.578887764911517
23.036518259129565,-3.1952838364265443
23.061530765382688,-3.971694984282591
23.086543271635815,-4.944751884592928
23.11155577788894,-6.152133711305205
23.13656828414207,-7.623944142813124
23.161580790395195,-9.364913501338366
23.186593296648322,-11.32338402514499
23.21160580290145,-13.348595753120447
23.236618309154576,-15.155855917321945
23.261630815407702,-16.34771395347269
23.28664332166083,-16.541198540576463
23.311655827913956,-15.56786188555232
23.336668334167083,-13.592556982181499
23.36168084042021,-11.02980097579655
23.386693346673336,-8.33546002946591
23.411705852926463,-5.845408263612379
23.43671835917959,-3.731757297217368
23.461730865432713,-2.0365379662927747
23.48674337168584,-0.7247077667659488
23.511755877938967,0.2732753236517018
23.536768384192094,1.0352456729596573
23.56178089044522,1.6340407511618706
23.586793396698347,2.132335450706715
23.611805902951474,2.5819334501526257
23.6368184092046,3.0251694830946487
23.661830915457728,3.4970315444366675
23.686843421710854,4.0271914714697
23.71185592796398,4.641425977316508
23.736868434217108,5.361994012144175
23.761880940470235,6.206469014507656
23.78689344672336,7.18438243183686
23.81190595297649,8.29098670810217
23.836918459229615,9.497861864147533
23.86193096548274,10.7416133715308
23.886943471735865,11.915162465959712
23.911955977988992,12.870446885882808
23.93696848424212,13.442720401670833
23.961980990495245,13.498210747322775
23.986993496748372,12.987580688508148
24.0120060030015,11.973082345020794
24.037018509254626,10.608943910636937
24.062031015507753,9.087216744531975
24.08704352176088,7.582166752548857
24.112056028014006,6.217881938985534
24.137068534267133,5.062351421992604
24.16208104052026,4.137978220936552
24.187093546773387,3.437356941666125
24.212106053026513,2.937571700167424
24.237118559279637,2.6105769318174112
24.262131065532763,2.4296622801128884
24.28714357178589,2.37291775529643
24.312156078039017,2.424728155111107
24.337168584292144,2.5761297940711474
24.36218109054527,2.8245984008402933
24.387193596798397,3.1735922592142884
24.412206103051524,3.631963121877658
24.43721860930465,4.213148074153015
24.462231115557778,4.93383103742906
24.487243621810904,5.811472576184838
24.51225612806403,6.859738965036135
24.537268634317158,8.080514952497404
24.562281140570285,9.451259846280584
24.58729364682341,10.907930192122642
24.61230615307654,12.328037606356386
24.63731865932966,13.526068089294405
24.66233116558279,14.27949058087557
24.687343671835915,14.39480382393081
24.712356178089042,13.791055812282291
24.73736868434217,12.546860353692752
24.762381190595296,10.872034911437972
24.787393696848422,9.023862562687729
24.81240620310155,7.22520286586973
24.837418709354676,5.622951742063645
24.862431215607803,4.286709243592392
24.88744372186093,3.228351628349048
24.912456228114056,2.425368864505313
24.937468734367183,1.8396133786607054
24.96248124062031,1.4295838184028518
24.987493746873437,1.1572516961315886
25.012506253126563,0.9911326941191618
25.037518759379687,0.9071069786277731
25.062531265632813,0.8880730729682043
25.08754377188594,0.9231322118010005
25.112556278139067,1.0067109030119528
25.137568784392194,1.1378365767113143
25.16258129064532,1.3196629843853802
25.187593796898447,1.5592741817957438
25.212606303151574,1.8677563482955268
25.2376188094047,2.260494460472412
25.262631315657828,2.757602531481785
25.287643821910955,3.3842982915851323
25.31265632816408,4.170831928276549
25.337668834417208,5.151187344211253
25.362681340670335,6.359080944787688
25.38769384692346,7.818734074573379
25.41270635317659,9.526836733397985
25.43771885942971,11.422663470678124
25.46273136568284,13.34956935098376
25.487743871935965,15.028462302772557
25.512756378189092,16.08745129114054
25.53776888444222,16.18608310959767
25.562781390695346,15.193047721135219
25.587793896948472,13.279357964154455
25.6128064032016,10.833193414102611
25.637818909454726,8.273397109159857
25.662831415707853,5.908374128263369
25.68784392196098,3.8978676100852847
25.712856428214106,2.282594747820033
25.737868934467233,1.0316327939267842
25.76288144072036,0.0812000606647223
25.787893946973487,-0.6409788971415089
25.81290645322661,-1.203034426411385
25.837918959479737,-1.6638778215141714
25.862931465732864,-2.072386768991749
25.88794397198599,-2.4686855991794454
25.912956478239117,-2.88622503700713
25.937968984492244,-3.3539186668960754
25.96298149074537,-3.897891779905861
25.987993996998497,-4.542501706815195
26.013006503251624,-5.310232045657527
26.03801900950475,-6.219873241483981
26.063031515757878,-7.282138628423592
26.088044022011005,-8.491721936865272
26.11305652826413,-9.815277076623348
26.138069034517258,-11.17683045341347
26.163081540770385,-12.446694609001137
26.18809404702351,-13.446067153249448
26.213106553276635,-13.980963917104125
26.23811905952976,-13.905661142556303
26.26313156578289,-13.187791127499187
26.288144072036015,-11.931211787439668
26.313156578289142,-10.337250859857368
26.33816908454227,-8.63121390448508
26.363181590795396,-6.999423473490217
26.388194097048522,-5.561046072505973
26.41320660330165,-4.370574699592981
26.438219109554776,-3.4352149299473447
26.463231615807903,-2.734353483524488
26.48824412206103,-2.235033927853319
26.513256628314156,-1.9021426444664196
26.538269134567283,-1.7041467023008077
26.56328164082041,-1.6157558211733734
26.588294147073537,-1.6187339362908306
26.61330665332666,-1.7017562183385828
26.638319159579787,-1.8598925615439474
26.663331665832914,-2.094054150082682
26.68834417208604,-2.4105636057030573
26.713356678339167,-2.8208783359288527
26.738369184592294,-3.3413780081517603
26.76338169084542,-3.9929788202644594
26.788394197098548,-4.800105148606642
26.813406703351674,-5.788171133522018
26.8384192096048,-6.978160161220451
26.863431715857928,-8.37625733177447
26.888444222111055,-9.956394165911822
26.91345672836418,-11.635678045283681
26.93846923461731,-13.249828519356408
26.963481740870435,-14.548906358960952
26.988494247123562,-15.242956613681665
27.013506753376685,-15.107266964460324
27.038519259629812,-14.097837894566531
27.06353176588294,-12.387533229669051
27.088544272136065,-10.287374307253812
27.113556778389192,-8.11709175496742
27.13856928464232,-6.112693479503651
27.163581790895446,-4.401122036181264
27.188594297148573,-3.0197529244242114
27.2136068034017,-1.9494603664992316
27.238619309654826,-1.1433315826811326
27.263631815907953,-0.5458905747444565
27.28864432216108,-0.1038234519570388
27.313656828414207,0.22920478631855534
27.338669334667333,0.4912961289705976
27.36368184092046,0.7129639026267331
27.388694347173583,0.9186333382447254
27.41370685342671,1.1284088745302707
27.438719359679837,1.3598144496923898
27.463731865932964,1.6293897549213832
27.48874437218609,1.954117004361441
27.513756878439217,2.3526816996545814
27.538769384692344,2.846545086779817
27.56378189094547,3.460715062639242
27.588794397198598,4.223912102936971
27.613806903451724,5.1674729093585885
27.63881940970485,6.321737195887312
27.663831915957978,7.707798541697853
27.688844422211105,9.321689804949958
27.71385692846423,11.108646707105255
27.73886943471736,12.930275890778653
27.763881940970485,14.541335990245718
27.78889444722361,15.611793493154186
27.813906953476735,15.827259755473936
27.838919459729862,15.041143223789962
27.86393196598299,13.369889802604007
27.888944472236116,11.141261534129116
27.913956978489242,8.739375473104927
27.93896948474237,6.468895361272158
27.963981990995496,4.504049259321073
27.988994497248623,2.9046624144936786
28.01400700350175,1.6562544325912694
28.039019509754876,0.7068213179785885
28.064032016008003,-0.00827047851938812
28.08904452226113,-0.5524058108259465
28.114057028514257,-0.981479642979761
28.139069534767383,-1.3422139195827936
28.16408204102051,-1.6728803547014757
28.189094547273633,-2.0050964148465535
28.21410705352676,-2.365933091332249
28.239119559779887,-2.779922918150012
28.264132066033014,-3.2707348888661416
28.28914457228614,-3.8623229947086073
28.314157078539267,-4.579267577249309
28.339169584792394,-5.445805149854395
28.36418209104552,-6.482674404169887
28.389194597298648,-7.700457367769138
28.414207103551774,-9.087877414740378
28.4392196098049,-10.594410519245983
28.464232116058028,-12.110249389305624
28.489244622311155,-13.454564797264398
28.51425712856428,-14.392062716025498
28.53926963481741,-14.694839982012772
28.564282141070535,-14.236074002569989
28.58929464732366,-13.059330774712294
28.614307153576785,-11.367335460166721
28.639319659829912,-9.436485017288064
28.66433216608304,-7.519731257460908
28.689344672336166,-5.790673358383992
28.714357178589292,-4.33593258449677
28.73936968484242,-3.174985291288196
28.764382191095546,-2.286357386027292
28.789394697348673,-1.629261991494104
28.8144072036018,-1.1579213904624148
28.839419709854926,-0.8295630822686313
28.864432216108053,-0.608028696658817
28.88944472236118,-0.4647351310105613
28.914457228614307,-0.37824027142395467
28.939469734867433,-0.33321339927373667
28.964482241120557,-0.31927336208548807
28.989494747373683,-0.3299341033604644
29.01450725362681,-0.3617603155013124
29.039519759879937,-0.41376113286150334
29.064532266133064,-0.48701396312868017
29.08954477238619,-0.5844986855711435
29.114557278639317,-0.7111236201370533
29.139569784892444,-0.873932024881049
29.16458229114557,-1.0824868898222895
29.189594797398698,-1.3494383397562055
29.214607303651825,-1.691276530563626
29.23961980990495,-2.129252740066297
29.264632316158078,-2.69038932826996
29.289644822411205,-3.4083500649968417
29.31465732866433,-4.323611124533271
29.33966983491746,-5.481701151682231
29.36468234117058,-6.927029962917276
29.38969484742371,-8.68788752203391
29.414707353676835,-10.746361768939238
29.439719859929962,-12.989000084864754
29.46473236618309,-15.149429485997745
29.489744872436216,-16.79150289747164
29.514757378689342,-17.414394938021477
29.53976988494247,-16.697776079833144
29.564782391195596,-14.720978762131592
29.589794897448723,-11.932065483852996
29.61480740370185,-8.89256128813414
29.639819909954976,-6.03910453068418
29.664832416208103,-3.6028059333472457
29.68984492246123,-1.6461061442658003
29.714857428714357,-0.13185371116856132
29.739869934967484,1.0209414157058196
29.764882441220607,1.9035390348647512
29.789894947473734,2.600916621653913
29.81490745372686,3.185466208746533
29.839919959979987,3.7160358166132763
29.864932466233114,4.239321441324924
29.88994497248624,4.791888103876316
29.914957478739368,5.401825505004426
29.939969984992494,6.089416349606291
29.96498249124562,6.866371146666589
29.989994997498748,7.733310654340593
30.015007503751875,8.675445290810421
30.040020010005,9.657064045352712
30.06503251625813,10.616728495378183
30.090045022511255,11.466826020570398
30.115057528764382,12.102238038571404
30.14007003501751,12.421046728153902
30.165082541270632,12.353770688374327
30.19009504752376,11.889252608327036
30.215107553776885,11.082802261734612
30.240120060030012,10.040858120722362
30.26513256628314,8.890418770262709
30.290145072536266,7.74865708273593
30.315157578789393,6.703991440223951
30.34017008504252,5.810833031704725
30.365182591295646,5.093949057471428
30.390195097548773,4.55700036783297
30.4152076038019,4.191308375596941
30.440220110055026,3.982925181257606
30.465232616308153,3.917519448037069
30.49024512256128,3.9833105830866575
30.515257628814407,4.172507610205713
30.54027013506753,4.481667699406998
30.565282641320657,4.911231410376549
30.590295147573784,5.464290369474777
30.61530765382691,6.14443212074561
30.640320160080037,6.9523194409054
30.665332666333164,7.880576877769336
30.69034517258629,8.906762597533946
30.715357678839418,9.985029680743212
30.740370185092544,11.038879037419306
30.76538269134567,11.959999966075193
30.790395197598798,12.61984950401715
30.815407703851925,12.897738742194939
30.84042021010505,12.719310797033723
30.86543271635818,12.087426145152337
30.890445222611305,11.086203313319533
30.915457728864432,9.854348661946679
30.940470235117555,8.543396589000071
30.965482741370682,7.282188264472162
30.99049524762381,6.159212483508071
31.015507753876935,5.221779051413665
31.040520260130062,4.484812541243317
31.06553276638319,3.94237655756791
31.090545272636316,3.577902556247241
31.115557778889443,3.371668860088305
31.14057028514257,3.3055470081547202
31.165582791395696,3.3656083536048302
31.190595297648823,3.543259600623336
31.21560780390195,3.835434779393708
31.240620310155077,4.244158495459015
31.265632816408203,4.77556581840968
31.29064532266133,5.4382265544628146
31.315657828914457,6.2403733346564945
31.34067033516758,7.1854009999735835
31.365682841420707,8.264914486838475
31.390695347673834,9.448982013956082
31.41570785392696,10.674695252122874
31.440720360180087,11.83723643452073
31.465732866433214,12.79181460499469
31.49074537268634,13.376330757275547
31.515757878939468,13.456940067166828
31.540770385192594,12.98035286927113
31.56578289144572,12.00206415096958
31.590795397698848,10.669574903559917
31.615807903951975,9.17076612565535
31.6408204102051,7.678995429387529
31.66583291645823,6.319822049696382
31.690845422711355,5.1637315778823805
31.715857928964482,4.235626276088059
31.740870435217605,3.530104487311786
31.765882941470732,3.025645776381355
31.79089544772386,2.6950735786591875
31.815907953976986,2.5121639495418036
31.840920460230112,2.4552491921811743
31.86593296648324,2.508819428357113
31.890945472736366,2.663949826260932
31.915957978989493,2.9181241318199023
31.94097048524262,3.2747802635531156
31.965982991495746,3.742688046780565
31.990995497748873,4.335063116129443
32.016008004001996,5.068088703199377
32.04102051025512,5.958221969977293
32.06603301650825,7.017302312556696
32.09104552276138,8.24418024865438
32.1160580290145,9.61179358761594
32.14107053526763,11.050334164508904
32.16608304152076,12.43177146133161
32.191095547773884,13.568482048930775
32.21610805402701,14.243320677732845
32.24112056028014,14.27727327978673
32.266133066533264,13.608531510432304
32.29114557278639,12.330379798163776
32.31615807903952,10.656089929957632
32.341170585292645,8.835911594977631
32.36618309154577,7.081056685160873
32.3911955977989,5.527736689002631
32.416208104052025,4.238409438181661
32.44122061030515,3.22143340156567
32.46623311655828,2.45342225766087
32.491245622811405,1.8969158946419704
32.51625812906453,1.5118612071944986
32.54127063531766,1.2619498771055326
32.566283141570786,1.1174433608746688
32.59129564782391,1.0559064105839002
32.61630815407704,1.061869591292213
32.641320660330166,1.1260753082057107
32.66633316658329,1.2446894962523474
32.69134567283642,1.4186788751337702
32.71635817908954,1.6534399725515685
32.741370685342666,1.9586962167984816
32.76638319159579,2.3486285106723166
32.79139569784892,2.8421461762393445
32.816408204102046,3.463104313885363
32.84142071035517,4.240077832268174
32.8664332166083,5.204933347011363
32.89144572286143,6.38880080383096
32.91645822911455,7.813110750244852
32.94147073536768,9.472485465564056
32.96648324162081,11.306956036891393
32.991495747873934,13.166875481323467
33.01650825412706,14.78949837910392
33.04152076038019,15.826711156963896
33.066533266633314,15.957790729011855
33.09154577288644,15.051478337067932
33.11655827913957,13.255679874045555
33.141570785392695,10.927124118735238
33.16658329164582,8.462642270488063
33.19159579789895,6.163870729986266
33.216608304152075,4.19442626986435
33.2416208104052,2.6029487845019874
33.26663331665833,1.366343363464538
33.291645822911455,0.42700426812608755
33.31665832916458,-0.2829475097859893
33.34167083541771,-0.8286289379122866
33.366683341670836,-1.266847186256085
33.39169584792396,-1.644897784066046
33.41670835417709,-2.001585296032259
33.441720860430216,-2.3691761922556105
33.46673336668334,-2.775549951926226
33.49174587293647,-3.246138242893159
33.51675837918959,-3.805385402570876
33.541770885442716,-4.477457577950076
33.56678339169584,-5.285782348420773
33.59179589794897,-6.250720012764806
33.6168084042021,-7.384300463037168
33.64182091045522,-8.680727528637428
33.66683341670835,-10.101891049282116
33.69184592296148,-11.559695974876874
33.716858429214604,-12.902968359607165
33.74187093546773,-13.92466430570501
33.76688344172086,-14.40625411389106
33.791895947973984,-14.196592155222822
33.81690845422711,-13.285699142703649
33.84192096048024,-11.819169726677748
33.866933466733364,-10.039028736951112
33.89194597298649,-8.194235774723795
33.91695847923962,-6.475082647070004
33.941970985492745,-4.99169972857643
33.96698349174587,-3.784665724044311
33.991995997999,-2.8477548432026327
34.017008504252125,-2.1496614327596046
34.04202101050525,-1.6497661032531767
34.06703351675838,-1.307734899189291
34.092046023011505,-1.0884379335963938
34.11705852926463,-0.963848316312679
34.14207103551776,-0.9132366275033439
34.167083541770886,-0.9225574855373748
34.19209604802401,-0.9835806934699657
34.21710855427714,-1.0930765601725994
34.242121060530266,-1.2522092027236582
34.26713356678339,-1.4661987476309835
34.29214607303651,-1.7442600751854342
34.31715857928964,-2.0997902103438144
34.342171085542766,-2.5507364507463737
34.36718359179589,-3.1200043440519765
34.39219609804902,-3.8356148271857133
34.41720860430215,-4.730021292575386
34.44222111055527,-5.837448836939013
34.4672336168084,-7.187220291263225
34.49224612306153,-8.789907594911107
34.517258629314654,-10.61272708200618
34.54227113556778,-12.54381255252768
34.56728364182091,-14.35719214541452
34.592296148074034,-15.713090051760647
34.61730865432716,-16.240700874293736
34.64232116058029,-15.704174547326147
34.667333666833414,-14.147604456374976
34.69234617308654,-11.885448023609744
34.71735867933967,-9.342283633194524
34.742371185592795,-6.880583001750295
34.76738369184592,-4.720482079979157
34.79239619809905,-2.947192785666577
34.817408704352175,-1.5550473834846232
34.8424212106053,-0.4910551154539593
34.86743371685843,0.31493236147341275
34.892446223111556,0.9332146400254413
34.91745872936468,1.42644713649376
34.94247123561781,1.8473316430867917
34.967483741870936,2.239188381169739
34.99249624812406,2.637798172160858
35.01750875437719,3.073579679734275
35.042521260630316,3.5735646384327917
35.06753376688344,4.162816996190858
35.09254627313656,4.864954787473429
35.11755877938969,5.701299419298177
35.142571285642816,6.687928222840281
35.16758379189594,7.829645387001978
35.19259629814907,9.109929058179564
35.2176088044022,10.476977984777063
35.24262131065532,11.82919179798423
35.26763381690845,13.00926242426867
35.29264632316158,13.821418156235312
35.317658829414704,14.081924097154847
35.34267133566783,13.690336210333223
35.36768384192096,12.68093072847096
35.392696348174084,11.215424944681043
35.41770885442721,9.520288193155473
35.44272136068034,7.8114491028536035
35.467733866933465,6.2461336373136955
35.49274637318659,4.911232875088553
35.51775887943972,3.8354878463844577
35.542771385692845,3.009572448820287
35.56778389194597,2.4043697836442006
35.5927963981991,1.9840397909891532
35.617808904452225,1.7139470186461259
35.64282141070535,1.5647328719496916
35.66783391695848,1.5139135387839555
35.692846423211606,1.5460950979284946
35.71785892946473,1.6525520377255984
35.74287143571786,1.8306282285137612
35.767883941970986,2.083209663424643
35.79289644822411,2.418371323274205
35.81790895447724,2.8491887192438643
35.842921460730366,3.393593663252424
35.867933966983486,4.073999591630592
35.89294647323661,4.916167115452952
35.91795897948974,5.9463582182862
35.942971485742866,7.1852041988261215
35.96798399199599,8.636051587753773
35.99299649824912,10.265608648966566
36.01800900450225,11.977492157172431
36.04302151075537,13.587879373365364
36.0680340170085,14.827040507989816
36.09304652326163,15.397738169560439
36.118059029514754,15.092853683932347
36.14307153576788,13.908391071537322
36.16808404202101,12.05892193791824
36.193096548274134,9.877587605524392
36.21810905452726,7.682214655462337
36.24312156078039,5.69275201020179
36.268134067033515,4.017525579344145
36.29314657328664,2.6791322187093107
36.31815907953977,1.648993089195027
36.343171585792895,0.8751581703509888
36.36818409204602,0.3000381924627661
36.39319659829915,-0.13016731469948423
36.418209104552275,-0.4615720680750156
36.4432216108054,-0.7319319062818335
36.46823411705853,-0.97163241606996
36.493246623311656,-1.2053811487154518
36.51825912956478,-1.4540792568432908
36.54327163581791,-1.736618407195669
36.568284142071036,-2.071501706633462
36.59329664832416,-2.4782530792228243
36.61830915457729,-2.978573390584258
36.643321660830416,-3.5971197661777703
36.668334167083536,-4.3615995881954
36.69334667333666,-5.301528669984335
36.71835917958979,-6.444442572248966
36.74337168584292,-7.807583319941524
36.76838419209604,-9.382477217344595
36.79339669834917,-11.110688539265643
36.8184092046023,-12.85429725259759
36.843421710855424,-14.377470263901861
36.86843421710855,-15.37132180886527
36.89344672336168,-15.548849947729833
36.918459229614804,-14.781906886510676
36.94347173586793,-13.183323251803811
36.96848424212106,-11.058096636614263
36.993496748374184,-8.763802249276951
37.01850925462731,-6.587270218166751
37.04352176088044,-4.696169940358509
37.068534267133565,-3.1515267437113463
37.09354677338669,-1.9435628882513443
37.11855927963982,-1.025722777277443
37.143571785892945,-0.3383173770721616
37.16858429214607,0.17793684041491628
37.1935967983992,0.5755952255024769
37.218609304652325,0.8985743016614831
37.24362181090545,1.182629324111351
37.26863431715858,1.4569421900292514
37.293646823411706,1.7460855711867336
37.31865932966483,2.0719796358217324
37.34367183591796,2.455657972227754
37.368684342171086,2.91874500470251
37.39369684842421,3.4845362888988074
37.41870935467734,4.178461070989059
37.44372186093046,5.027465315607064
37.468734367183586,6.057442825290658
37.49374687343671,7.287255933710976
37.51875937968984,8.717327132690242
37.54377188594297,10.311031531921396
37.56878439219609,11.970074559364315
37.59379689844922,13.51338041051637
37.61880940470235,14.682075902812535
37.643821910955474,15.197803580060377
37.6688344172086,14.872967566984164
37.69384692346173,13.712137616557477
37.718859429714854,11.92209937572973
37.74387193596798,9.81800011031505
37.76888444222111,7.700204496902156
37.793896948474234,5.778061944833097
37.81890945472736,4.156445265331333
37.84392196098049,2.8591073143539094
37.868934467233615,1.8606919887277293
37.89394697348674,1.1129491120484023
37.91895947973987,0.5617362317925289
37.943971985992995,0.1562391948882786
37.96898449224612,-0.14707913510318718
37.99399699849925,-0.3836513830851779
38.019009504752376,-0.5816055742253692
38.0440220110055,-0.763269643421957
38.06903451725863,-0.9468669357092132
38.094047023511756,-1.148154523325969
38.11905952976488,-1.381914498209487
38.14407203601801,-1.6632920904665116
38.169084542271136,-2.009005604305895
38.19409704852426,-2.438442101139043
38.21910955477739,-2.974594849249531
38.24412206103051,-3.644669450073943
38.269134567283636,-4.4799331198820935
38.29414707353676,-5.513920453303301
38.31915957978989,-6.777343109075877
38.34417208604302,-8.28701242922748
38.36918459229614,-10.025364374873975
38.39419709854927,-11.908895258335686
38.4192096048024,-13.752447789180566
38.444222111055524,-15.255467819068194
38.46923461730865,-16.05461896476728
38.49424712356178,-15.86398964042185
38.519259629814904,-14.634648756381178
38.54427213606803,-12.599449141326483
38.56928464232116,-10.155088849858172
38.594297148574285,-7.686034120915627
38.61930965482741,-5.4546340344804625
38.64432216108054,-3.5845934288520294
38.669334667333665,-2.096131797328826
38.69434717358679,-0.9501977612583041
38.71935967983992,-0.08233678720411687
38.744372186093045,0.5767684146708195
38.76938469234617,1.0910065350789588
38.7943971985993,1.5150080817892495
38.819409704852426,1.8938980855530791
38.84442221110555,2.264774601776584
38.86943471735868,2.658814398186199
38.894447223611806,3.1033856935981663
38.91945972986493,3.6238039481601594
38.94447223611806,4.244449160860285
38.969484742371186,4.988896359023865
38.99449724862431,5.878505713453424
39.01950975487743,6.928603748586972
39.04452226113056,8.141096813019061
39.069534767383686,9.492512683280701
39.09454727363681,10.918007906213878
39.11955977988994,12.296143241979342
39.14457228614307,13.446344730663817
39.16958479239619,14.1558557734293
39.19459729864932,14.243549920091224
39.21960980490245,13.637827429254168
39.244622311155574,12.418381743761156
39.2696348174087,10.78762161515581
39.29464732366183,8.991685513970987
39.319659829914954,7.2438587326222486
39.34467233616808,5.685546818276161
39.36968484242121,4.384715825590464
39.394697348674335,3.354092364607552
39.41970985492746,2.573184498288746
39.44472236118059,2.0061789568257735
39.469734867433715,1.6138070134476525
39.49474737368684,1.3600374613745765
39.51975987993997,1.2151692663463882
39.544772386193095,1.1567460573202524
39.56978489244622,1.169332839091506
39.59479739869935,1.2438313431942158
39.619809904952476,1.3767337699455209
39.6448224112056,1.5695264168897953
39.66983491745873,1.82833432116436
39.694847423711856,2.163820140723329
39.71985992996498,2.5912882480518133
39.74487243621811,3.1308678100175373
39.769884942471236,3.807515333032431
39.79489744872436,4.650327226775381
39.81990995497748,5.6902028411929955
39.84492246123061,6.954172633694034
39.869934967483736,8.453789202561552
39.89494747373686,10.164559042804218
39.91995997998999,11.995639910737387
39.94497248624312,13.758049967569445
39.969984992496244,15.157633456921209
39.99499749874937,15.852849932269422
40.0200100050025,15.589872614161116
40.045022511255624,14.344482262592637
40.07003501750875,12.351161451323536
40.09504752376188,9.987293669243002
40.120060030015004,7.612264869615038
40.14507253626813,5.46992154630871
40.17008504252126,3.6751765218789667
40.195097548774385,2.246708869684415
40.22011005502751,1.1477559260027754
40.24512256128064,0.31756136030353144
40.270135067533765,-0.30935792002212864
40.29514757378689,-0.7934379286670971
40.32016008004002,-1.1863592721849365
40.345172586293145,-1.530748574713343
40.37018509254627,-1.8615557813207921
40.3951975987994,-2.2080778391149902
40.420210105052526,-2.596058249546083
40.44522261130565,-3.0495528219810977
40.47023511755878,-3.5923584161402613
40.495247623811906,-4.24877649484159
40.52026013006503,-5.043326865214673
40.54527263631816,-5.9987281012026905
40.57028514257129,-7.131038156397994
40.595297648824406,-8.44047115787533
40.62031015507753,-9.896648247838288
40.64532266133066,-11.41920713726198
40.67033516758379,-12.860584056105287
40.69534767383691,-14.007099336652956
40.72036018009004,-14.619072514349666
40.74537268634317,-14.513756666010549
40.770385192596294,-13.653243905862645
40.79539769884942,-12.173518988054864
40.82041020510255,-10.32800899048257
40.845422711355674,-8.388308583425683
40.8704352176088,-6.566519976617997
40.89544772386193,-4.9872690615167246
40.920460230115054,-3.6977251261471444
40.94547273636818,-2.6925480067836625
40.97048524262131,-1.9381132199603617
40.995497748874435,-1.3900923184584935
41.02051025512756,-1.0040904756097788
41.04552276138069,-0.7410321357275762
41.070535267633815,-0.5691735120813464
41.09554777388694,-0.4642130283102049
41.12056028014007,-0.40848986809623156
41.145572786393195,-0.3898724142648254
41.17058529264632,-0.4006670256431154
41.19559779889945,-0.4367055682335826
41.220610305152576,-0.4966704791235595
41.2456228114057,-0.5816650203065981
41.27063531765883,-0.6950154510069092
41.295647823911956,-0.842288110586961
41.32066033016508,-1.031509035610384
41.34567283641821,-1.2735803856919632
41.37068534267134,-1.5828904797333714
41.395697848924456,-1.9781039139975942
41.42071035517758,-2.4830783560105054
41.44572286143071,-3.1277513059008912
41.47073536768384,-3.9486077718991286
41.49574787393696,-4.987853805557194
41.52076038019009,-6.289494003857341
41.54577288644322,-7.888958115305081
41.570785392696344,-9.791015912883024
41.59579789894947,-11.93054421399456
41.6208104052026,-14.118651184912702
41.645822911455724,-16.002726280800566
41.67083541770885,-17.107782269953685
41.69584792396198,-17.017649019609422
41.720860430215104,-15.62157746482439
41.74587293646823,-13.207854194937022
41.77088544272136,-10.298633746199092
41.795897948974485,-7.38981631073648
41.82091045522761,-4.800035101362756
41.84592296148074,-2.661661151962177
41.870935467733865,-0.9790116933396559
41.89594797398699,0.30994757347401913
41.92096048024012,1.2912002641765186
41.945972986493246,2.0513985540338737
41.97098549274637,2.667460232630913
41.9959979989995,3.2034535011247254
42.021010505252626,3.711071700114894
42.04602301150575,4.23150039985532
42.07103551775888,4.797408632181549
42.096048024012006,5.434300630800326
42.12106053026513,6.1606968999562355
42.14607303651826,6.986701360391745
42.17108554277138,7.910600719290191
42.196098049024506,8.913450235425104
42.22111055527763,9.95244284363071
42.24612306153076,10.955503139045296
42.27113556778389,11.821725377390297
42.29614807403701,12.43335324987125
42.32116058029014,12.681961375230182
42.34617308654327,12.502749504659336
42.371185592796394,11.901138611665163
42.39619809904952,10.955538596301343
42.42121060530265,9.793494347056804
42.446223111555774,8.55471207459548
42.4712356178089,7.359250516385814
42.49624812406203,6.291134528306153
42.521260630315155,5.396900176456693
42.54627313656828,4.693026789500062
42.57128564282141,4.17619495821286
42.596298149074535,3.832653144119618
42.62131065532766,3.6452292422870154
42.64632316158079,3.597882044986534
42.671335667833915,3.678258544835809
42.69634817408704,3.878827663373171
42.72136068034017,4.197047106218197
42.746373186593296,4.634824322022628
42.77138569284642,5.197310155205113
42.79639819909955,5.890833041497471
42.821410705352676,6.719558272287475
42.8464232116058,7.680305211068747
42.87143571785893,8.75505952249134
42.896448224112056,9.901455939903359
42.92146073036518,11.043392617687712
42.94647323661831,12.067081477556167
42.97148574287143,12.8306487476681
42.996498249124556,13.19354286991166
43.02151075537768,13.061180515872076
43.04652326163081,12.42454952945677
43.07153576788394,11.369720064028346
43.096548274137064,10.049358850534073
43.12156078039019,8.633779281985568
43.14657328664332,7.268223682615794
43.171585792896444,6.051544116272526
43.19659829914957,5.035255320295196
43.2216108054027,4.234013372525883
43.246623311655824,3.6390977241258398
43.27163581790895,3.230143556785523
43.29664832416208,2.9835395855726135
43.321660830415205,2.8776338975416627
43.34667333666833,2.89551861902444
43.37168584292146,3.026215666830926
43.396698349174585,3.2649098012612026
43.42171085542771,3.6126404172450206
43.44672336168084,4.075630887519936
43.471735867933965,4.66420587744906
43.49674837418709,5.3910031848509385
43.52176088044022,6.267908039020531
43.546773386693346,7.300851067975056
43.57178589294647,8.481480115918261
43.5967983991996,9.775196195946673
43.621810905452726,11.106995266189715
43.64682341170585,12.35084794199607
43.67183591795898,13.334023992052074
43.69684842421211,13.869089894701181
43.72186093046523,13.813848283884889
43.74687343671835,13.133505482235549
43.77188594297148,11.923952524012853
43.79689844922461,10.376826913591561
43.82191095547773,8.71017116205193
43.84692346173086,7.1072312841163
43.87193596798399,5.687607437545426
43.896948474237114,4.508116514998385
43.92196098049024,3.57880174794185
43.94697348674337,2.8816323402838524
43.971985992996494,2.3857052706686557
43.99699849924962,2.0574366007147313
44.02201100550275,1.8664214122845875
44.047023511755874,1.7882444314863946
44.072036018009,1.8054264570112768
44.09704852426213,1.9073885671610074
44.122061030515255,2.090011727040765
44.14707353676838,2.3551256405078718
44.17208604302151,2.710077942358865
44.197098549274635,3.1673894698714444
44.22211105552776,3.7443575279016654
44.24712356178089,4.4622804215842775
44.272136068034015,5.3446871852873725
44.29714857428714,6.4135160848552815
44.32216108054027,7.681621871621788
44.347173586793396,9.139612152407478
44.37218609304652,10.735825057816488
44.39719859929965,12.352362471738523
44.422211105552776,13.789644936136767
44.4472236118059,14.783772968745907
44.47223611805903,15.078508864615847
44.49724862431216,14.53595129305987
44.52226113056528,13.215972424440931
44.5472736368184,11.356732835978313
44.57228614307153,9.26959690208634
44.59729864932466,7.2280335084876866
44.62231115557778,5.41019892126266
44.64732366183091,3.897086589595159
44.67233616808404,2.6986278794843828
44.697348674337164,1.78377264774656
44.72236118059029,1.1037196246475198
44.74737368684342,0.6064693245834875
44.772386193096544,0.2444510498673714
44.79739869934967,-0.02241600731195457
44.8224112056028,-0.22630696915443313
44.847423711855924,-0.39241509024162813
44.87243621810905,-0.5404206052619175
44.89744872436218,-0.6860705280063738
44.922461230615305,-0.8426670975549931
44.94747373686843,-1.0224005583147393
44.97248624312156,-1.2375362972288413
44.997498749374685,-1.5014991409570122
45.02251125562781,-1.8299016800982566
45.04752376188094,-2.2415417732438674
45.072536268134066,-2.759337482292449
45.09754877438719,-3.4110480309780757
45.12256128064032,-4.229390337940462
45.147573786893446,-5.250706528014772
45.17258629314657,-6.510539329963526
45.1975987993997,-8.033276420823166
45.222611305652826,-9.8118702622759
45.24762381190595,-11.774508890186608
45.27263631815908,-13.742944986235376
45.29764882441221,-15.407844802489345
45.322661330665326,-16.371874999750563
45.34767383691845,-16.296658679820798
45.37268634317158,-15.091375700721661
45.39769884942471,-12.985383001933997
45.42271135567783,-10.407696069939977
45.44772386193096,-7.784822400281172
45.47273636818409,-5.409552820186964
45.497748874437214,-3.419416246423358
45.52276138069034,-1.8364485742089625
45.54777388694347,-0.6173783796156174
45.572786393196594,0.3084672676712371
45.59779889944972,1.0165975482720082
45.62281140570285,1.5762955545687443
45.647823911955975,2.0466335661132495
45.6728364182091,2.4763101604822597
45.69784892446223,2.905253570751097
45.722861430715355,3.3667803379996073
45.74787393696848,3.8896041984430503
45.77288644322161,4.499237485658802
45.797898949474735,5.2183801658241205
45.82291145572786,6.065794601938464
45.84792396198099,7.0529811809520915
45.872936468234116,8.177852157981045
45.89794897448724,9.414916468498994
45.92296148074037,10.702933284735742
45.947973986993496,11.93436196458027
45.97298649324662,12.955859476851984
45.99799899949975,13.591561958646308
46.023011505752876,13.693023877209278
46.048024012006,13.198577756513428
46.07303651825913,12.166553766101819
46.09804902451226,10.757154298641467
46.123061530765376,9.174328997558975
46.1480740370185,7.6043982998967286
46.17308654327163,6.179909613855997
46.19809904952476,4.972897853724051
46.22311155577788,4.006359288801962
46.24812406203101,3.271430902198153
46.27313656828414,2.742823675771049
46.298149074537264,2.389905517101059
46.32316158079039,2.183510499129458
46.34817408704352,2.0995183769782857
46.373186593296644,2.1203409228835666
46.39819909954977,2.2352236598448902
46.4232116058029,2.439984598034928
46.448224112056025,2.7365582900467422
46.47323661830915,3.132508441037677
46.49824912456228,3.6404972762240426
46.523261630815405,4.27751539148128
46.54827413706853,5.063438719991383
46.57328664332166,6.0181404744636655
46.598299149574785,7.155942911876771
46.62331165582791,8.475804560967662
46.64832416208104,9.945891036869691
46.673336668334166,11.483435103287121
46.69834917458729,12.93693897947416
46.72336168084042,14.087492662343042
46.748374187093546,14.690655889745665
46.77338669334667,14.56232974270002
46.7983991995998,13.668493790389908
46.823411705852926,12.152722259228586
46.84842421210605,10.275767907108568
46.87343671835918,8.313246640450009
46.8984492246123,6.477636871067301
46.92346173086543,4.891696743118026
46.94847423711855,3.6000214967360056
46.97348674337168,2.5949166488083466
46.99849924962481,1.8409568668191463
47.023511755877934,1.2925621353347532
47.04852426213106,0.9044994548056404
47.07353676838419,0.6371101187439268
47.098549274637314,0.4581834241538761
47.12356178089044,0.34295672507499464
47.14857428714357,0.2732271223060128
47.173586793396694,0.23616721013969078
47.19859929964982,0.2231656603564824
47.22361180590295,0.2288418996899622
47.248624312156075,0.2502852638195255
47.2736368184092,0.2865181481055139
47.29864932466233,0.3381615921963738
47.323661830915455,0.407277703717095
47.34867433716858,0.4973681652165185
47.37368684342171,0.6135170041462928
47.398699349674835,0.7626760063352797
47.42371185592796,0.9541008541830822
47.44872436218109,1.1999532801832045
47.473736868434216,1.51608556445241
47.49874937468734,1.923009937337339
47.52376188094047,2.4470085983746195
47.548774387193596,3.1212191905299913
47.57378689344672,3.986254024071288
47.59879939969985,5.089321933824285
47.62381190595298,6.479670249301216
47.6488244122061,8.19620183713324
47.67383691845923,10.240705211977005
47.69884942471235,12.530134125446995
47.72386193096548,14.832613310015883
47.7488744372186,16.72726614620487
47.77388694347173,17.675101968929816
47.79889944972486,17.25775731396505
47.823911955977984,15.452128941916014
47.84892446223111,12.670472080674248
47.87393696848424,9.513009498066365
47.898949474737364,6.482469558415356
47.92396198099049,3.8626463637736275
47.94897448724362,1.7442105925645253
47.973986993496744,0.09963759908493813
47.99899949974987,-1.1525335445353488
48.024012006003,-2.1081864446382936
48.049024512256125,-2.8578616239030454
48.07403701850925,-3.4789599891329397
48.09904952476238,-4.0341793843773
48.124062031015505,-4.572706607968322
48.14907453726863,-5.132196659869508
48.17408704352176,-5.740434708074841
48.199099549774886,-6.4160350489242175
48.22411205602801,-7.167784056999192
48.24912456228114,-7.992448170754459
48.274137068534266,-8.871227020066573
48.29914957478739,-9.765727782594531
48.32416208104052,-10.61544661752466
48.349174587293646,-11.339933036798007
48.37418709354677,-11.848978193866317
48.3991995997999,-12.061722905843954
48.42421210605303,-11.93014755392192
48.44922461230615,-11.457016019822703
48.47423711855927,-10.698471800053099
48.4992496248124,-9.749142580800754
48.52426213106553,-8.717295692835632
48.54927463731865,-7.701447325891684
48.57428714357178,-6.776136136707083
48.59929964982491,-5.988098402963153
48.624312156078034,-5.359762712888942
48.64932466233116,-4.896025621413018
48.67433716858429,-4.591310317825738
48.699349674837414,-4.435365148296704
48.72436218109054,-4.417339314315762
48.74937468734367,-4.528243677760764
48.774387193596795,-4.762097440014259
48.79939969984992,-5.11603700450275
48.82441220610305,-5.589535270935411
48.849424712356175,-6.182715325863415
48.8744372186093,-6.893591544504585
48.89944972486243,-7.714002219991477
48.924462231115555,-8.62414124158468
48.94947473736868,-9.586159417586277
48.97448724362181,-10.538503687876807
48.999499749874936,-11.394385994315039
49.02451225612806,-12.049011347449461
49.04952476238119,-12.398769200148504
49.074537268634316,-12.369655586424408
49.09954977488744,-11.943834217058617
49.12456228114057,-11.169848091690298
49.149574787393696,-10.149528508182105
49.17458729364682,-9.008501696258692
49.19959979989995,-7.8653610090037915
49.22461230615308,-6.811455365875979
49.2496248124062,-5.904377320862609
49.27463731865932,-5.1715443919959485
49.29964982491245,-4.6184492958351475
49.32466233116558,-4.237457589609372
49.3496748374187,-4.015048439645651
49.37468734367183,-3.9368962753508594
49.39969984992496,-3.990973003634679
49.424712356178084,-4.169113061299074
49.44972486243121,-4.467462558107659
49.47473736868434,-4.886084632908483
49.499749874937464,-5.427795375771331
49.52476238119059,-6.0960949215333535
49.54977488744372,-6.8918689737947325
49.574787393696845,-7.808441112029788
49.59979989994997,-8.824731125502735
49.6248124062031,-9.897035879063239
49.649824912456225,-10.95165216851357
49.67483741870935,-11.883091512495017
49.69984992496248,-12.564436257275078
49.724862431215605,-12.873988438501089
49.74987493746873,-12.733086573668267
49.77488744372186,-12.138021263998555
49.799899949974986,-11.166528640092105
49.82491245622811,-9.953447845672983
49.84992496248124,-8.649757893448532
49.874937468734366,-7.3862697634857355
49.89994997498749,-6.254545014606831
49.92496248124062,-5.3048952945997305
49.949974987493746,-4.554566550198203
49.97498749374687,-3.999121484638654
50.0,-3.622778313275063
