Timestamp,Load
0,104.69915681166621
1,105.88274486627306
2,104.64007755915264
3,104.71400808328765
4,104.0480162243805
5,92.30812137174422
6,88.12756164330007
7,63.72314345706138
8,59.150862250576466
9,29.93097189262016
10,29.077932264316935
11,28.223118140592177
12,20.129151973287613
13,19.376408869051577
14,17.466937746047666
15,17.844401184872293
16,18.037695527343608
17,17.87030853384803
18,17.98413946778964
19,19.901744305271237
20,30.518102622654354
21,33.101618650301475
22,43.25196100928003
23,51.85220947292689
24,45.5581937780778
25,39.2661979877917
26,35.194493852010496
27,35.04689053058697
28,35.076464972510145
29,30.977653941072003
30,32.2539403638903
31,23.016848069074992
32,23.25816682157739
33,23.431675988425166
34,23.24901195912423
35,19.74302923315247
36,10.483277111699874
37,10.342953899195646
38,10.521775437562999
39,17.61590666843126
40,11.195909044731915
41,15.124736677109613
42,26.93569079592605
43,27.008566750651212
44,27.514086447296023
45,33.67315427549174
46,38.877049900138694
47,33.7886487792423
48,29.982170509112144
49,39.38214016683682
50,39.339894579670094
51,40.457163344636164
52,35.77297832789325
53,35.06587910898826
54,34.914593859550614
55,34.29627836061616
56,30.77749332797408
57,37.06283822187832
58,36.309996580746684
59,19.08148982388645
60,19.48313272696885
61,19.65777335669804
62,19.149394656443302
63,19.600912892878394
64,19.46667390641277
65,20.123169481584927
66,19.792374807985052
67,26.440957897995826
68,34.68546974352892
69,35.13014589053344
70,38.482527969870674
71,38.98951482962755
72,38.29430274536035
73,33.434564606545806
74,26.174947406048496
75,22.353159713761805
76,13.696734181725162
77,13.294846795340524
78,13.086610818974233
79,13.50300959202834
80,22.075955447363217
81,22.313959801206853
82,22.384915164550584
83,13.987157963610395
84,15.663086773261346
85,6.67751063365006
86,7.2196240765817805
87,9.914528357857403
88,10.575234727300854
89,19.423708537242916
90,27.929403711519612
91,27.448043606519168
92,25.15932573040684
93,24.82903079308463
94,22.573336159827914
95,14.4726660244013
96,25.315016125366565
97,25.156074340144624
98,25.466492498490528
99,21.954190658029923
100,20.4230205719482
101,20.191019099129566
102,22.950807145452085
103,20.068155241920177
104,12.727517474968842
105,12.955350365352556
106,11.630724819704529
107,11.722241153398015
108,13.436496691821961
109,13.489071622636992
110,18.64991040829989
111,12.07143944383385
112,12.091061986628672
113,12.230774340850559
114,23.72224103418244
115,23.905807515709014
116,27.14780133463014
117,26.28225248334823
118,27.58144466609337
119,26.544920381664237
120,25.93267852512811
121,16.570463545931073
122,13.372652747462801
123,20.392487265041783
124,20.637776156785165
125,21.33614778734075
126,21.638377236658886
127,20.892203020180396
128,21.52480363756153
129,21.4170232444259
130,29.600132009810288
131,36.132458443348234
132,46.56114451952793
133,46.47401732691601
134,47.475626481003594
135,31.35386214780487
136,27.324290350767736
137,16.833283428958566
138,16.831106800161763
139,19.0645789245841
140,17.573235656732255
141,17.501580799413038
142,16.39542379955259
143,15.954033645343277
144,14.443274234570056
145,14.94806201363364
146,15.950960898214678
147,16.406589189819186
148,16.728021726896117
149,16.013247542850447
150,17.254077542401355
151,25.802322184841543
152,23.092946308033646
153,24.282883856837316
154,27.05396206081761
155,27.295070155845057
156,31.411662867038032
157,26.734345523014287
158,25.419066806099785
159,26.127631762503803
160,25.652840886807788
161,25.59961424704953
162,29.361149839894477
163,27.586761834559105
164,28.699769681141294
165,27.780921740868386
166,23.544503092239946
167,22.94665821208809
168,12.203975586164288
169,12.370519564148792
170,12.679556919317791
171,13.254440246136573
172,13.068280295354196
173,13.229104844099695
174,13.258553302048595
175,13.24430501272617
176,11.501594413946465
177,11.626078914155256
178,13.653262910511724
179,14.49867940067486
180,13.836480646545398
181,15.01086281917271
182,29.992435658862036
183,31.082683919711677
184,30.95268606112817
185,29.922225202063597
186,30.98916900762486
187,30.544425597186724
188,31.155739028692185
189,40.48597289122172
190,32.89943627099099
191,33.15477311462405
192,32.6939655939701
193,33.67032451372427
194,23.87241817507901
195,33.31582680407613
196,32.16760977164289
197,32.50648643602057
198,32.129678462998406
199,21.74569341264121
200,18.04661382230682
201,35.06798555897541
202,40.90420328288913
203,40.97126926116902
204,38.366339051557205
205,39.67421912206958
206,38.48216109794426
207,28.59344878735878
208,29.118642038018276
209,28.895914057936807
210,31.072099003244475
211,24.367817289928173
212,33.69961322956871
213,39.77438419416791
214,39.76251674696476
215,40.63559476998336
216,39.851831572401714
217,40.70314595495814
218,45.156807634634134
219,45.44056928268164
220,35.96177120147704
221,35.57079475887757
222,30.192744637165603
223,38.51348146373461
224,38.434024796277555
225,38.79837467658109
226,38.57368058483562
227,38.52331873498787
228,30.84287069205982
229,21.5346891186908
230,21.47449073721974
231,21.203016932353208
232,21.893980305163005
233,16.146363422260745
234,15.567116467527029
235,16.86240742906939
236,25.242111589673947
237,25.26033420697961
238,31.456726894382744
239,30.502173634965125
240,30.830531735189755
241,40.631090111770604
242,39.94535821241906
243,39.14549882097818
244,32.94526022915582
245,33.18824022174553
246,32.805206027762885
247,23.823756801733083
248,24.54273384291459
249,25.33861470763047
250,24.65768062434303
251,24.305659506108874
252,24.41342105385806
253,24.980628134942293
254,24.110846169188534
255,24.13266778739111
256,24.66108442318501
257,38.808826279153884
258,51.634807276998174
259,51.81617419331157
260,51.45408154629887
261,51.735373658171476
262,46.751951299416895
263,46.00771778769767
264,38.76850468762687
265,39.64436919331056
266,46.3632214939888
267,52.36675559668695
268,53.42945988551494
269,54.08220354747205
270,56.32376927776432
271,56.74127998387327
272,56.34266122880945
273,56.75324553536653
274,64.67426583219549
275,64.25413736949224
276,64.20082332602699
277,55.127154796101074
278,54.690054327924464
279,54.83544844805988
280,60.92942503665459
281,62.05409003843356
282,61.111117540851936
283,61.51073406697566
284,54.22080469218622
285,54.01993152721635
286,63.749336358193695
287,63.858065694845635
288,67.76639664686832
289,58.554465127176925
290,58.63047716697365
291,51.789499293502004
292,51.21949775081108
293,50.95645382910671
294,50.55521822784155
295,59.726745279411496
296,55.29896420483957
297,55.87122188087463
298,64.4481212333666
299,64.58841422195523
300,55.44534319563
301,54.75699907022668
302,55.2181823494494
303,55.2682833076664
304,55.56132744669149
305,55.34466515173188
306,54.73646632477242
307,57.78152377569697
308,57.51150891359108
309,58.18304448975203
310,56.87388480757491
311,57.037548205743526
312,49.73594247224179
313,49.92561425394279
314,49.622041641004905
315,51.16323875157277
316,50.49996160231057
317,46.65066806393761
318,47.327750403244565
319,46.620923595883994
320,43.34824153697957
321,43.28335648579712
322,40.414286120631665
323,40.314892748673984
324,47.27425004238939
325,47.81777373684877
326,49.981976340358266
327,50.68061642423416
328,52.88156925277114
329,51.25555926589243
330,50.09101679750672
331,56.540519392498325
332,49.31282140671156
333,48.30769784988325
334,42.35244976659813
335,37.606530629314385
336,31.340526165794458
337,30.664009553542865
338,36.7241042508004
339,28.033106863131604
340,31.17437691796917
341,38.750124977663354
342,38.591094060741334
343,37.31009738326955
344,38.61770449746347
345,44.534664664648815
346,45.015267223173005
347,54.80664903712546
348,55.930855750279484
349,45.88514960322266
350,39.730426511950384
351,44.81561071775473
352,42.95778445251753
353,39.77458510554323
354,40.00954524042985
355,40.368224504664
356,42.71581325833132
357,44.09355603188642
358,40.048430737732794
359,41.23680515973712
360,40.2019864442602
361,39.64563877060796
362,44.485307575609426
363,39.54204504370372
364,47.56785473884352
365,47.76395970321591
366,59.6916465453065
367,60.84594268043156
368,53.85560416047923
369,54.388896795810126
370,49.44146707544256
371,48.74998401276629
372,49.513216509620314
373,50.19964614005075
374,52.00947216759299
375,58.15040149743777
376,58.6790692231139
377,55.251455474956586
378,47.03205021779312
379,55.97469266998458
380,60.509822006862414
381,59.986971011242986
382,58.662707445635974
383,58.61826387504743
384,56.66058527225562
385,56.466316098653074
386,49.17614259152793
387,41.7399701351109
388,43.04951260392436
389,43.191312824489785
390,42.69362853685583
391,44.098073321603366
392,46.465240830732455
393,38.054367409960754
394,37.522004832325436
395,41.33691351074734
396,41.63252253740057
397,38.867557416824454
398,38.95621550469803
399,43.83954919244501
400,45.167204956434624
401,41.58831079572743
402,39.79802382438747
403,41.34197499245502
404,39.14961934915584
405,39.589425992463966
406,34.11603260947181
407,34.01997396507707
408,33.31698488289104
409,33.71947825213297
410,21.757284803226124
411,22.179035513373666
412,24.16887673145212
413,23.102945506314004
414,24.11763795148559
415,18.025478112119334
416,26.470808161335714
417,26.056941293261907
418,26.416114477256798
419,27.18865700921684
420,29.275852408473263
421,20.44419458041176
422,19.85124940273101
423,20.14644048704578
424,11.319546584045824
425,21.002644989838707
426,20.562975398652515
427,21.546542708103644
428,21.03015373527837
429,19.906715702570914
430,14.39248817686609
431,14.36586482991837
432,9.53842785254459
433,28.97716095105861
434,27.984431671195818
435,27.904370919498348
436,27.893271876806022
437,26.994169981260264
438,28.54471346608491
439,28.556037794502075
440,37.91201393438294
441,38.090074726102245
442,38.52983848748246
443,38.228939366187156
444,31.510574745713686
445,33.32109987009137
446,32.61737089140755
447,32.20033890728393
448,38.989873716809534
449,35.6212850579768
450,34.59380387576666
451,33.802715078985706
452,35.7901324512191
453,33.9650828193446
454,34.70798069228152
455,31.210729371653866
456,30.567367634849216
457,27.099981429470176
458,17.79736531029426
459,18.37145327953889
460,18.32908150028191
461,26.606372415875565
462,27.030190184647957
463,23.969510054349154
464,24.107022735873112
465,26.546453680376743
466,30.428188366261296
467,30.903404150056847
468,32.75728530392864
469,32.42253389343449
470,39.12736297090342
471,38.75737077453304
472,34.00430864016675
473,31.675499953950347
474,30.36467273441726
475,34.46633227658888
476,33.95998129370526
477,40.50131857616192
478,41.601208055431925
479,41.780847312359164
480,39.07157532815687
481,40.12860591262665
482,39.4394440300777
483,34.96997367893736
484,41.507420784777025
485,44.11590676685767
486,44.35742280019766
487,52.822849808031116
488,52.36825351089808
489,52.99146519403477
490,46.67699838470084
491,45.77966947503672
492,47.42046180629991
493,46.11447919275913
494,55.77178044757043
495,52.25332713655004
496,38.843849767615474
497,37.65047617583059
498,34.010526663417366
499,33.65503195147754
500,33.92384811584728
501,34.55619684186987
502,32.17697031758297
503,32.71855073502086
504,32.941932553733686
505,32.84209592242422
506,32.111915787472014
507,34.117670267184614
508,32.96388560391372
509,34.101713223244595
510,34.02713148656304
511,33.066316577698494
512,44.745973795693104
513,44.66827828447275
514,45.00205163369814
515,44.57044531012739
516,52.90984998957505
517,55.325903121002234
518,55.130150273847924
519,60.0156682060242
520,59.29533786378504
521,51.89496229718099
522,52.78620208068812
523,52.50695465982479
524,51.173634697750835
525,52.438027666133905
526,55.03906435661228
527,55.42172045566706
528,60.92573002376849
529,60.62223686686997
530,53.28339291912734
531,49.75405757854997
532,36.330464115384764
533,36.97439750228308
534,37.40849433932205
535,37.04425963359546
536,36.65915118562662
537,36.6954212505359
538,37.45098115360338
539,40.76458219688342
540,40.37482800033469
541,39.5782982930952
542,48.010155283047695
543,41.28696850510632
544,47.19924965587476
545,46.87807828079525
546,45.695227947097564
547,45.78098843589816
548,46.40932562763821
549,46.61085781928576
550,45.43887783323136
551,45.94164793129341
552,47.171965899780105
553,38.205890727524526
554,31.185999916689937
555,34.48258516602968
556,32.20655804975179
557,36.456232505736494
558,21.388421826980565
559,21.649592211800652
560,30.751256506862248
561,29.929357398071367
562,29.896961726269673
563,37.52145123428265
564,39.697956070949076
565,36.294080083000296
566,44.609320266551045
567,44.66344733068186
568,37.2420736463425
569,37.172031390063765
570,36.14050065455959
571,40.161744996981085
572,29.893649681733013
573,29.596941328630578
574,29.966277755044125
575,34.19436241126426
576,25.39396506796143
577,26.285292443053688
578,17.987444198821002
579,27.350636997418107
580,25.619266765754045
581,25.62282071399775
582,29.628417862600376
583,31.31054140151663
584,31.321276207158142
585,31.197230656914783
586,29.57996350647726
587,32.496473521543145
588,25.02595781367515
589,21.38688332940269
590,12.295937524194954
591,19.75909205504026
592,19.47022610418167
593,19.163709913506057
594,20.262203625371498
595,23.609571570563396
596,34.32446998427035
597,33.676334797191814
598,34.11867549142028
599,34.46453234789844
600,30.682423610994167
601,31.47706783755248
602,30.62188558577816
603,31.168497828831516
604,27.751925051987456
605,24.43592150613499
606,25.16631984302374
607,34.29400158216492
608,34.27401347692708
609,33.42805109512436
610,28.77646798597184
611,29.70835388448486
612,29.284848937543067
613,28.67244046134538
614,27.32993844350106
615,18.031774276248687
616,17.835243214806756
617,17.049132287415507
618,16.901200436261284
619,17.883922547281358
620,20.052021198900217
621,27.962667495546672
622,28.955406118155935
623,27.637578953477384
624,28.328469151454925
625,28.195289708862116
626,32.68801152166323
627,25.24792014538299
628,33.41095319469278
629,44.020711103957616
630,43.226283147349854
631,41.071247313196196
632,41.83363161179406
633,41.38559122807819
634,43.22147975727156
635,37.06270342764927
636,36.34131440741856
637,46.21748224665038
638,46.14610358417483
639,45.528677021649365
640,35.774778570290394
641,41.470805931155894
642,41.302116699067135
643,41.84333694375538
644,42.775355976945725
645,49.26979626027746
646,49.62742940594694
647,49.57159172192754
648,49.442371706907224
649,48.14982186547211
650,57.49198284985251
651,34.4639489050971
652,35.00203160322379
653,34.71087317362641
654,35.608989900081305
655,26.456347773340116
656,26.4370650926708
657,25.08738469194224
658,24.560252214793742
659,24.445307040913764
660,24.70511198220063
661,28.370290124755538
662,31.3381379828049
663,30.016652652661506
664,30.829006364846062
665,30.13038216630487
666,34.88990814136551
667,33.38626720329048
668,33.49190260781274
669,31.3351935890958
670,30.929809766642883
671,27.172865156847823
672,32.13012383773068
673,36.86057585785592
674,36.396540114619526
675,35.64879343391402
676,35.94586771211256
677,36.31656705111863
678,36.31026010128088
679,21.263519128848387
680,17.133291893795214
681,17.356207712552553
682,16.688621267076986
683,16.99082047075137
684,19.001397045722015
685,21.391861615160096
686,18.75402134822196
687,18.75705151218797
688,18.05609913242305
689,17.17211932043173
690,16.650412791662276
691,27.230642126344993
692,26.836691357059404
693,27.64379721345395
694,27.026844068721648
695,26.96514823890311
696,29.773535517165296
697,28.62948406850412
698,36.00534304591937
699,34.984222312469086
700,33.555531651014114
701,34.61534489826297
702,33.01745431855799
703,23.661257763210262
704,23.863350015142487
705,22.632123285157817
706,21.197915191952394
707,21.774798232500988
708,28.51347431780216
709,35.980489395018544
710,35.1392342911204
711,36.182302287812405
712,31.654803761761926
713,37.98956503805376
714,39.071893552022885
715,38.49246156625328
716,29.542814762217574
717,42.508339919515315
718,29.844647101489738
719,29.857398305009628
720,25.263315730315103
721,17.50025120384411
722,10.038103123538908
723,8.95271080117203
724,6.091082966444917
725,4.049740766079715
726,7.146817465916989
727,9.104168432180911
728,9.039377288481816
729,9.05530041866316
730,9.328941360487297
731,9.965258852753168
732,10.244656109441355
733,12.256337542283712
734,14.178684541176594
735,22.52066937708465
736,22.920216813656953
737,22.175494997463268
738,20.18858230442343
739,16.235763921567287
740,17.519253555145255
741,17.013204847272018
742,16.47259704324891
743,22.215750267095057
744,20.13402653654067
745,27.50819369655195
746,20.442332586389046
747,19.924635656573077
748,12.699575215327872
749,19.609369142697517
750,21.841326504975118
751,21.22763014151451
752,31.759814903725427
753,31.57299615326646
754,30.684840368808327
755,30.87644374652534
756,26.64284858052707
757,26.834706414554475
758,37.402414436005756
759,38.03271035307424
760,36.22645759838679
761,36.472393677767016
762,32.045822403612135
763,32.82616297200341
764,29.426800076607346
765,29.65094764057713
766,47.8476247815858
767,49.57877591656472
768,57.05810376660825
769,49.19161264928392
770,48.91426085834995
771,35.94598749366128
772,36.092395397771085
773,33.933939980025485
774,34.35341142067765
775,25.352657385506262
776,19.929640554195714
777,18.810458949638022
778,18.534595687159054
779,18.12369325843263
780,25.044108391108082
781,32.38925953126611
782,34.241990549513496
783,32.56641716886645
784,33.59109181414463
785,36.133816365417346
786,30.210743969220452
787,30.71821903709383
788,24.03799134647255
789,28.19222017966316
790,28.09525695324591
791,27.218536433177675
792,28.284174224264387
793,22.546441913006753
794,18.727381575613588
795,18.617754310901333
796,18.93112357606923
797,9.911684423763424
798,9.388568155003949
799,9.774896750691994
800,9.423961482916772
801,9.419817945027589
802,8.956464975423087
803,9.311862949255326
804,8.418411606787483
805,9.857107152122603
806,12.263219429688913
807,14.836489543669309
808,15.239599644554033
809,14.814794265347
810,14.580864491252655
811,16.011289694341226
812,16.067324867798824
813,25.256021602128385
814,31.835425235415805
815,32.62280621066383
816,31.110020615087517
817,30.18910505903513
818,31.06078514808615
819,30.877652996046628
820,24.731733943571477
821,23.591908122652544
822,23.805752298923448
823,21.97700724943301
824,25.28611318929536
825,25.377622592825144
826,29.321050427987544
827,27.912410417522334
828,27.38811254273242
829,28.40049206042497
830,31.328363764956887
831,31.86516504322257
832,24.03050999626317
833,18.916351931176962
834,20.78493600811993
835,25.866598616500365
836,23.837297514799324
837,23.857658000600445
838,24.210759036269902
839,21.515867207082962
840,11.9402824411636
841,11.021496737863224
842,9.843071561897725
843,11.884986835414105
844,11.296514769584055
845,13.363256751082725
846,18.988815671120918
847,18.32154634689883
848,18.483471406462694
849,19.364604807168217
850,16.9577675534015
851,16.240672959494002
852,11.72154740516031
853,10.998299937604246
854,8.449710125465035
855,6.719159520247342
856,5.58607496924907
857,5.107623494418365
858,10.930842164124783
859,8.517531219326479
860,12.923205905145322
861,16.589413961680574
862,15.788001624858905
863,19.346759685936934
864,20.004681288646957
865,25.66848098707947
866,20.468297360967515
867,21.080305969744423
868,21.538618259648636
869,23.454724191668074
870,30.162104167099905
871,34.82835745158455
872,26.409693943310426
873,19.596105456509434
874,19.438044746821376
875,19.454951619415734
876,19.218024319264572
877,19.36625715389119
878,25.271519938218972
879,26.26968629144501
880,24.739041047596512
881,17.59112063672276
882,17.448012152979267
883,17.232179321472838
884,15.637452985497172
885,10.935304874997783
886,10.969370057867568
887,10.826217194587562
888,10.189750857167057
889,11.155300791567882
890,14.465543842792558
891,6.647239539467576
892,6.747751042042092
893,11.308845577961206
894,10.694621923312454
895,5.973054546992099
896,6.7780304661279684
897,14.446477933648787
898,12.754630696684051
899,14.2682419986744
900,12.803453216617102
901,10.95318457946686
902,11.031813555519578
903,10.559280361731721
904,2.73820125378775
905,12.776032733238866
906,12.724119186939689
907,13.424785792223698
908,27.485066885918588
909,27.25365045795992
910,17.241776350696163
911,18.873183111020303
912,16.89048413800515
913,12.312547782119543
914,12.830278284575186
915,18.26529995167533
916,18.569777483841214
917,18.1844287638909
918,18.343133221491048
919,18.29632003174621
920,16.362172801088178
921,17.042822582061902
922,17.16368408107357
923,17.96827881827377
924,19.88817612479806
925,27.513283276578136
926,28.52650393605509
927,33.43177251180883
928,35.572310586539395
929,35.6731709798982
930,46.087886252210666
931,46.51437762782027
932,45.73399743792718
933,44.82306599971238
934,37.118835901576084
935,27.431436972687965
936,27.508499540150968
937,27.036637330808958
938,20.208954061687038
939,10.867812404696771
940,11.158840047557486
941,11.126849942174239
942,14.502760337086615
943,16.6147198864295
944,15.840717987952505
945,15.389714360447785
946,15.527354108941765
947,10.458020317933782
948,12.0767139772869
949,11.673854516877888
950,13.186717524901386
951,12.882509194340555
952,15.603328244253287
953,14.885336062241633
954,13.952378333360622
955,14.952722617077638
956,15.088024226565606
957,17.952123554417852
958,27.548635535833895
959,27.656120071734055
960,27.558538557383148
961,28.91878199102261
962,26.525422496015974
963,23.817402746914365
964,21.133191595550286
965,27.68208437976243
966,26.825529453631948
967,27.136293730824416
968,24.602984638129357
969,23.796116366254527
970,24.63976130819133
971,24.274421843029817
972,23.50656545330857
973,24.67143337778747
974,25.681850795533382
975,27.825794820613147
976,28.41206199862502
977,27.989686356693618
978,23.44387897941529
979,23.947819497044595
980,20.605802462263107
981,18.932672053669013
982,13.557897943383004
983,13.024031710985444
984,10.760625455287986
985,8.304569144674874
986,9.212125662034348
987,7.738306423618143
988,6.549770095810667
989,6.283905379194726
990,5.895448480368028
991,5.432187484467838
992,6.466909673940517
993,5.4311253302909055
994,6.620680932161912
995,8.420620498920346
996,12.84537498296382
997,12.61459554645094
998,16.95814375491184
999,20.833961372092826
1000,19.910641120326012
1001,20.480482399305195
1002,21.84592973738965
1003,22.47212773168891
1004,18.21158712575853
1005,16.40220416324489
1006,11.605011619133895
1007,11.259014482477099
1008,16.951830366794365
1009,18.147421527688472
1010,17.43785808653173
1011,17.948537823597945
1012,17.81907296080256
1013,18.391166724193788
1014,16.798483340561386
1015,15.026274375027425
1016,14.654163486896113
1017,12.03517818765793
1018,12.731336968722045
1019,12.841233901496505
1020,12.801362315919546
1021,10.97372261182166
1022,11.5958919606655
1023,20.706760531098368
1024,21.210432431659395
1025,25.463977599108542
1026,25.359492805036982
1027,25.17404435950556
1028,27.335373339010808
1029,27.132299971585887
1030,23.433711088092743
1031,13.743595046204337
1032,9.73387723863813
1033,9.798277693495518
1034,8.38133524235004
1035,12.273627949756694
1036,12.483242348357535
1037,12.991463907586358
1038,20.119526068284692
1039,18.38299789160831
1040,18.257989933159443
1041,14.809613091966067
1042,15.837793641157699
1043,15.27125629792604
1044,15.906992210297918
1045,15.454655303474071
1046,19.29306044516379
1047,19.547605027172924
1048,19.326921360933664
1049,18.41087948546855
1050,21.609565333606668
1051,15.772058195514893
1052,15.28202392919991
1053,16.84213902065327
1054,16.890083936323
1055,16.170322827833445
1056,19.381888922936476
1057,20.0019623475637
1058,18.871120259501744
1059,15.22462465209269
1060,13.816027793556174
1061,14.549817481510736
1062,14.034810348691396
1063,14.94256418081827
1064,16.43913778507319
1065,24.776086459766905
1066,32.57876563334601
1067,29.69495190267337
1068,30.38775282178475
1069,29.311636195714417
1070,30.246809573918704
1071,21.512223039899972
1072,21.873052229360315
1073,21.869377445856458
1074,21.850532025495852
1075,21.305216247449973
1076,20.986246050821723
1077,20.624454392168715
1078,21.018343583907413
1079,29.05028001759309
1080,37.48532265690631
1081,37.680406364920266
1082,31.8681224612915
1083,32.66380402371422
1084,33.13150437313357
1085,32.85992144069004
1086,28.255631485536263
1087,18.74538739594481
1088,18.702364398755094
1089,18.151205249880444
1090,19.069433175624784
1091,10.714742963620697
1092,20.8999788727902
1093,19.77903678708475
1094,28.363045367543165
1095,27.431363188799892
1096,26.68389847546542
1097,28.069379918468293
1098,26.491528269403855
1099,33.426953543739714
1100,33.66350310286744
1101,39.51384295418766
1102,41.370291723371324
1103,40.579402668995975
1104,41.228831994092985
1105,32.24297571252375
1106,31.596696592854446
1107,31.408315315123996
1108,32.249323233785674
1109,31.62216217335632
1110,39.614983020429925
1111,38.003781410590534
1112,38.002505283852464
1113,38.42173041231616
1114,38.920091755360836
1115,35.73799091000386
1116,36.840024842720254
1117,35.667118735912155
1118,34.88590060512555
1119,36.612790489036755
1120,31.255257047762345
1121,30.357730300257398
1122,30.549804848032576
1123,37.639410156443795
1124,37.48064522512134
1125,37.629004406019924
1126,37.307081742377264
1127,37.10323299991873
1128,32.303546548142535
1129,25.961342020492623
1130,25.145366471703873
1131,25.772601661930846
1132,36.08014774087736
1133,35.373346791627675
1134,28.86634814820541
1135,40.533697945172214
1136,39.22834082960626
1137,41.0683050856577
1138,40.3794947173756
1139,40.5075654362233
1140,40.76753069545984
1141,31.09961871883723
1142,31.853768562453112
1143,32.26168970592596
1144,19.01106844615978
1145,19.57673345272608
1146,21.141265475663122
1147,20.234017672570342
1148,21.389941076046274
1149,11.03449547971068
1150,9.35951965557508
1151,13.579922740063596
1152,13.075688862489308
1153,30.573256541251705
1154,28.75036679212621
1155,37.55895262620278
1156,37.865779924913014
1157,36.623435150879416
1158,36.0735753923361
1159,26.88219588199527
1160,26.503398129009543
1161,27.25535285027076
1162,27.298344078009624
1163,26.92804131378106
1164,33.7767818304863
1165,25.53673034989504
1166,25.49834219490693
1167,34.44244342482335
1168,34.37455213435286
1169,39.99251393778294
1170,37.826113724522166
1171,29.94040957142065
1172,29.539110452698914
1173,29.829928059043876
1174,29.395719999081667
1175,36.86832595447994
1176,39.785616956127605
1177,40.34476750171174
1178,39.69306335721489
1179,36.199137002626365
1180,25.960755775974317
1181,21.952280070656066
1182,21.904817379223882
1183,24.84763238228977
1184,23.947445755068017
1185,24.421213396319978
1186,25.018517044881193
1187,22.38723379334511
1188,22.89158181296714
1189,21.795054266085945
1190,21.7608777292754
1191,26.599485765510263
1192,21.553373857085077
1193,18.653381706840513
1194,17.01160835386187
1195,17.225145202307893
1196,12.15827164419513
1197,11.323193712105908
1198,10.10240039570132
1199,9.804760179532733
1200,10.39574465743775
1201,9.80191008945646
1202,10.532895159722626
1203,17.93555905744855
1204,26.14165544548028
1205,27.574103905028643
1206,26.950572081080693
1207,30.685673394359984
1208,35.917603815379
1209,37.14693021171117
1210,41.46179685686515
1211,41.19218461160687
1212,35.747471292112515
1213,21.59167398246539
1214,12.80432462046141
1215,11.666453389728462
1216,11.65598157188975
1217,19.453273272297945
1218,19.42151480588496
1219,18.502909479620612
1220,20.545470919583963
1221,19.843012899366936
1222,20.004597154892895
1223,19.85583114849729
1224,25.87588135563188
1225,25.51443480876539
1226,32.28402637835835
1227,32.83248764441673
1228,32.059272910147165
1229,40.14501065587381
1230,44.26264840175043
1231,44.959098585063366
1232,42.349568497380716
1233,34.93137058884133
1234,35.6990948074876
1235,33.755296395486376
1236,26.985328247716488
1237,22.299764469930185
1238,23.2208486748035
1239,23.234461923893956
1240,22.30499016242181
1241,32.004414985586465
1242,32.077708504425374
1243,21.285970045968455
1244,22.383613757551093
1245,21.162847480899426
1246,26.908018329459516
1247,29.080296231493048
1248,31.151339189192996
1249,40.68726446468864
1250,34.37879354111719
1251,27.258449131765648
1252,19.3395283891599
1253,28.510463226613144
1254,26.981805955557977
1255,26.277799630876256
1256,18.290827838601267
1257,17.928061861762583
1258,18.642762095983752
1259,18.097083141694643
1260,17.834124482710866
1261,18.779676615505927
1262,27.797467485122507
1263,28.173660580589164
1264,27.204798035510617
1265,27.387744195602412
1266,27.767633778842715
1267,18.845060516071257
1268,19.166433702966078
1269,10.614304457349546
1270,13.044745049092112
1271,11.596633680895154
1272,11.791049822994502
1273,12.179692271644303
1274,11.020304625440449
1275,9.1197432698222
1276,11.109911515867728
1277,18.779392578905494
1278,17.606542265493793
1279,18.784183051776417
1280,18.608999741193376
1281,17.551953184928962
1282,16.648355019052065
1283,14.909749611712009
1284,7.39002439637097
1285,7.555673346139002
1286,7.111626809332146
1287,7.445615350641279
1288,20.238782503773894
1289,19.50737115485742
1290,19.611321839825457
1291,23.245589398387605
1292,22.980212990185716
1293,20.366044667724452
1294,22.74105925817773
1295,23.19818449662482
1296,22.828849841570428
1297,29.888150769035555
1298,26.042020449139393
1299,26.35610682816131
1300,25.80351911057043
1301,36.96193053895361
1302,32.903779122997065
1303,39.45724482336226
1304,30.38259381359636
1305,31.24216617552771
1306,41.09309939409992
1307,40.80818239404603
1308,40.448849173778164
1309,34.499923413207874
1310,34.04798080924018
1311,25.222073264560468
1312,22.620867919413836
1313,33.75045089499884
1314,33.72282158229804
1315,24.12584439631945
1316,23.733284591870145
1317,33.33346833384527
1318,33.04806946857813
1319,24.860300499228714
1320,25.39060810616039
1321,21.62911221682781
1322,11.724010511335704
1323,12.246266683380313
1324,19.242847795870873
1325,18.719026152481245
1326,19.231385125671572
1327,19.42908126070042
1328,20.027683840371676
1329,19.265385828562337
1330,24.743191790797333
1331,25.09620123705647
1332,22.061121793273312
1333,22.715340967692736
1334,21.827082193790655
1335,24.474794399265505
1336,23.622331636719125
1337,24.460777973417944
1338,27.538366972165047
1339,26.379113733867552
1340,23.167609302821514
1341,23.53064750793752
1342,16.398533815014535
1343,16.407068936725867
1344,20.677329461797164
1345,19.840425816967926
1346,21.1085394490761
1347,27.184775576157023
1348,28.41461125318291
1349,27.78050788587543
1350,27.5753856551098
1351,21.167634213713367
1352,25.328720901472185
1353,26.49646525372978
1354,27.169135773970623
1355,42.41258230963462
1356,42.056702452043005
1357,42.56973601337737
1358,42.28693832800742
1359,42.726902483178506
1360,42.37681124334362
1361,36.18627588009915
1362,36.81566475807408
1363,34.75091006374127
1364,18.296377904362963
1365,12.14934018247847
1366,13.871925500044666
1367,13.013091930573156
1368,12.409285621343546
1369,18.866134931339243
1370,19.44879110413362
1371,20.414770446225884
1372,21.613593435802986
1373,20.920271994639748
1374,20.679085056411072
1375,14.798283978239093
1376,14.693982798864761
1377,20.76771675869627
1378,19.996084000764263
1379,29.694943302281732
1380,29.35130472615201
1381,33.600393037013745
1382,33.29899755417864
1383,33.1031072156141
1384,35.31083732588809
1385,27.29314715829484
1386,33.52956488410591
1387,33.461052554906885
1388,33.34086231316642
1389,32.736633714648775
1390,33.40566609399559
1391,32.56161573533946
1392,25.369848690994118
1393,23.45920292891681
1394,16.99202441151514
1395,16.596301056718
1396,16.33070016625861
1397,16.994503731192037
1398,12.3293126165373
1399,8.263906961275596
1400,10.094275730652523
1401,15.773200583991327
1402,21.682510594308564
1403,22.15473950622176
1404,22.69866401258656
1405,22.75767682108399
1406,16.422896847957894
1407,20.521952855959483
1408,21.14507442827451
1409,21.264788231147268
1410,17.25361221748844
1411,24.89509350306094
1412,25.064688215246953
1413,25.327562577171484
1414,24.37194240534457
1415,18.66658376231834
1416,18.455259862188175
1417,19.66473230561709
1418,19.415867199916523
1419,16.791761418761155
1420,24.682157048605315
1421,24.148495634565823
1422,23.291881534728102
1423,24.376877374480415
1424,23.2832102146624
1425,22.556825714278283
1426,23.408358227102816
1427,23.981005635877462
1428,25.47640893362985
1429,22.556179760150417
1430,22.792740284537004
1431,23.80524199965164
1432,24.33228973592063
1433,23.697947264263718
1434,23.03118653170962
1435,23.153031082615055
1436,26.11771671773182
1437,25.899417951324548
1438,26.53648914451674
1439,25.45246304833391
1440,24.40876158040726
1441,27.83571353388493
1442,27.095298111210198
1443,27.826705182161838
1444,27.43327095734369
1445,35.02941821506043
1446,35.70382432264894
1447,36.25711798025622
1448,33.27197556592052
1449,33.445526335693714
1450,25.895088940928023
1451,26.43037724995118
1452,25.627828932627484
1453,25.259176672835427
1454,28.17506570058683
1455,22.169101575099468
1456,22.646980889990143
1457,21.146663520320494
1458,25.921169947675622
1459,19.064248525487614
1460,19.201659882458205
1461,24.8762875872733
1462,24.487817587643736
1463,24.699281797440978
1464,31.577335749933994
1465,39.77016110048908
1466,38.260546934941054
1467,40.05082002574675
1468,35.91266969513507
1469,29.641759289366345
1470,23.421654081981554
1471,24.17990676168691
1472,23.693040836729782
1473,23.518121516143083
1474,23.576692173237177
1475,24.63296817669124
1476,26.792570335951567
1477,26.135907241857744
1478,26.887758145688
1479,26.225305178855695
1480,31.42882612573861
1481,31.470724745856035
1482,30.589164849221767
1483,33.6486802129571
1484,40.81371102379277
1485,41.728475361754136
1486,41.156385016843146
1487,41.108458053718934
1488,42.03146085021817
1489,32.40714999234719
1490,31.75000754362927
1491,28.001100217604932
1492,33.26066783419923
1493,44.41405975864726
1494,43.7591028153374
1495,44.272625162214766
1496,44.46296427171636
1497,44.731904553660975
1498,26.11363232995701
1499,26.213060916235694
1500,30.925632128315865
1501,31.3105685372959
1502,32.87853763158194
1503,40.28655814211932
1504,40.92478161772607
1505,36.25866059315896
1506,36.684467404408124
1507,30.852331146985915
1508,22.0165219985851
1509,21.60183811376301
1510,22.13339684568577
1511,23.058472517853833
1512,23.01181742879737
1513,22.814396149010296
1514,23.178604949333664
1515,22.39425065336539
1516,23.011159596165463
1517,23.8011872034838
1518,24.642046397609004
1519,45.52453446619133
1520,51.16513619817943
1521,46.923563059568636
1522,47.18051099630465
1523,44.46454355083472
1524,44.01963392918383
1525,44.034874292295925
1526,44.769917382614814
1527,34.25917714682095
1528,34.88194213450692
1529,35.07522115781393
1530,33.57839072345943
1531,28.27266696769619
1532,27.15229533586751
1533,27.701841320304755
1534,36.756881849952286
1535,36.12784186667852
1536,36.96900111568248
1537,36.15897860196863
1538,35.75214618052839
1539,35.61080538892894
1540,35.9010794461299
1541,27.731619504837383
1542,28.77721114655222
1543,28.15263373512733
1544,35.47594415864951
1545,34.60464303772423
1546,37.549434082534106
1547,36.305426510252595
1548,36.637478782866566
1549,37.046644016879114
1550,42.16942054932458
1551,42.17299712703814
1552,41.77448853598282
1553,40.55292543135701
1554,47.41515975658108
1555,46.83224057202515
1556,44.314311474534655
1557,43.750295399150744
1558,45.144629671683425
1559,38.43502330681495
1560,28.235775068230005
1561,32.22664380704657
1562,32.31554780832998
1563,33.14860812943039
1564,32.28117449864543
1565,32.81126641077372
1566,24.611431597619145
1567,24.658924800365604
1568,24.722547115821737
1569,17.178120359673986
1570,17.413014813595957
1571,17.56534833720983
1572,21.277558468613762
1573,23.720171179515113
1574,22.302974789411795
1575,22.98732505545346
1576,23.988606436200065
1577,22.999681648768867
1578,30.308664445670324
1579,29.89139805560881
1580,29.5007596312646
1581,29.595935265485302
1582,29.535992397451842
1583,29.662115004886587
1584,30.6683473452712
1585,18.504628752278506
1586,23.458629229333194
1587,23.376586381144186
1588,23.99828578041387
1589,23.444086473063933
1590,22.951316161573097
1591,27.681266854332247
1592,34.25215691079405
1593,33.762102685070246
1594,34.783493121037985
1595,33.80679201247246
1596,26.015043910500466
1597,26.0289145010844
1598,25.767145599189686
1599,25.731599064946348
1600,25.793000164057524
1601,25.629688756986926
1602,25.94570087628975
1603,19.869982118601037
1604,23.784256544220035
1605,23.36837637027534
1606,30.287054155648875
1607,30.97982318013728
1608,30.882006562949933
1609,24.275992484694047
1610,24.003561383949286
1611,18.830038368754355
1612,24.987948361726378
1613,25.208970943511673
1614,24.470603223531942
1615,32.576723080628625
1616,31.05091076693241
1617,27.225540591957916
1618,27.92169925665541
1619,25.935840899374977
1620,26.555468311861823
1621,26.087892982893063
1622,22.44340627612391
1623,22.230783495151314
1624,23.19405487837327
1625,24.214170455831532
1626,24.133981936060007
1627,22.813090802978046
1628,24.000328806351604
1629,24.739431430156483
1630,24.55477125356123
1631,24.806158349038267
1632,25.357221268728672
1633,34.20010056117184
1634,34.77653433874534
1635,34.115526534153815
1636,34.357206390572536
1637,39.65784774811299
1638,32.21443491252304
1639,22.988851628656313
1640,22.190507581202255
1641,21.847900334097307
1642,22.370613569928587
1643,20.776986435181783
1644,22.259834413691294
1645,26.363662367959986
1646,25.85453633594189
1647,31.44524948504583
1648,40.64807879487726
1649,40.47980507818363
1650,40.28105005273515
1651,40.64323480971137
1652,40.9989403396712
1653,34.279248597835824
1654,34.32852883637307
1655,34.67859429438199
1656,29.154733106616508
1657,30.812020262600253
1658,31.234535274468485
1659,30.827933825991142
1660,21.16401094346087
1661,22.542056476693666
1662,21.455004487671758
1663,20.161427474377863
1664,26.389525609549615
1665,25.38900945051459
1666,25.139882237419958
1667,25.441874222805918
1668,24.95031046711207
1669,33.28677623485088
1670,33.834717471064835
1671,32.30585513649738
1672,28.07538988259261
1673,36.01891433202568
1674,28.814623409159132
1675,28.031608723139186
1676,27.332660461192116
1677,27.424418216897887
1678,18.94109660946866
1679,18.524604605310838
1680,19.058596186543035
1681,26.443346761610815
1682,33.73999249269977
1683,33.46974573646213
1684,43.27903602224654
1685,42.74495187640793
1686,53.23436167406669
1687,53.30693493764923
1688,48.43038208547677
1689,38.78565639839574
1690,38.66418448861882
1691,38.14899993695897
1692,29.452767571914737
1693,28.031492347980237
1694,29.442106665180713
1695,31.849940504006106
1696,31.49449261924254
1697,32.666044206061535
1698,23.17082324836646
1699,23.902592003005875
1700,21.571765055931063
1701,22.697314563949906
1702,28.270163537856966
1703,28.462223520094035
1704,28.315074188555773
1705,28.54220320225662
1706,25.64283296356769
1707,35.522130445345496
1708,28.477170167612158
1709,27.21880550603772
1710,28.32248142037734
1711,24.69477805092702
1712,14.481842110946713
1713,16.187375682944616
1714,15.502614239476722
1715,16.08373681081878
1716,15.251842578886022
1717,20.969270297273745
1718,24.55526339506897
1719,24.436924736952317
1720,23.842607008103844
1721,27.21541254463706
1722,27.469871776215186
1723,26.300692367682213
1724,26.077597896077332
1725,25.26774726560586
1726,42.83536839487941
1727,50.46920766668375
1728,50.37140906433547
1729,50.50425206519016
1730,43.90358267987197
1731,43.39425365169056
1732,38.220404331200854
1733,42.50224114359799
1734,42.113559138584066
1735,47.847627623522335
1736,40.0464461538426
1737,39.19602406300758
1738,40.02865840690412
1739,30.7422290229774
1740,30.802667791505943
1741,31.53139592068343
1742,24.6601512143412
1743,24.750516858336944
1744,24.682249421337136
1745,27.32789748827763
1746,37.73269538994914
1747,36.37532439523982
1748,36.57738233424895
1749,36.00955484394055
1750,34.18621123157509
1751,25.403980190469902
1752,25.101241782247588
1753,24.780096258122263
1754,37.18736582389966
1755,36.31768978058294
1756,37.072635369416055
1757,37.56495290469283
1758,36.34114087939841
1759,27.953037273780442
1760,27.210605642797567
1761,28.78954900320435
1762,27.211011667949013
1763,40.7692688219413
1764,37.124982770041335
1765,38.023209572526426
1766,37.425160942045245
1767,36.31539172043814
1768,35.743908269479405
1769,37.35463131159072
1770,36.79782762345273
1771,35.870683262278796
1772,39.1229533299275
1773,39.372432538341954
1774,35.30001861165602
1775,35.357359150088186
1776,35.548981703635064
1777,34.684750218804375
1778,39.25123934051444
1779,37.11090382834854
1780,35.97405391273151
1781,36.87784124540779
1782,36.75061020677763
1783,31.44229732131849
1784,31.9427008966699
1785,31.854158172801537
1786,39.490753553276065
1787,38.98615849200671
1788,38.844428103567054
1789,43.916298906510775
1790,42.870046023229705
1791,44.184716362406576
1792,46.60890846218554
1793,46.45634414351585
1794,45.27639096958679
1795,45.5668235507793
1796,45.34267131736176
1797,46.072903760129954
1798,39.11404718672756
1799,38.052002513761224
1800,41.6044728187466
1801,40.597381295575296
1802,39.84410500517362
1803,40.323923378563904
1804,39.53858397321973
1805,39.84701300590273
1806,39.596865447314165
1807,38.469306693382755
1808,38.252333192057534
1809,38.391101148299065
1810,31.985128063300362
1811,32.07320600921862
1812,40.64946537635862
1813,41.04563457463231
1814,39.951106964611235
1815,40.76077021682738
1816,39.6232618867512
1817,39.3882613454989
1818,39.168979034793416
1819,34.01217285010849
1820,33.62472740306961
1821,30.503604764763406
1822,40.545993875565344
1823,40.83098228153167
1824,41.6457100058046
1825,40.820601911013654
1826,43.4178588611502
1827,42.51800615621385
1828,33.48352086532915
1829,33.21095067639258
1830,32.65638434872976
1831,40.10564105658828
1832,40.485341435760816
1833,40.95094066556001
1834,39.86417636698625
1835,40.37185252294228
1836,32.01959433373086
1837,31.52257246135245
1838,31.58434515510547
1839,32.52300499806298
1840,31.87205254068812
1841,38.175697319207
1842,38.3556750829952
1843,38.1772109758382
1844,44.00072230124572
1845,44.563510504590774
1846,45.24529759642164
1847,44.368094863970825
1848,39.23544631481975
1849,38.8753751687936
1850,38.6033795298357
1851,39.015900411484694
1852,39.747327123558044
1853,39.35632603790943
1854,38.7911827436622
1855,33.35212101181983
1856,33.23724318546078
1857,33.906071077540986
1858,33.11106347294501
1859,32.40020541408055
1860,42.39988727374503
1861,42.982026820244634
1862,42.44208284983705
1863,42.855479972771214
1864,40.31745944792017
1865,32.31768966643446
1866,32.14444836395787
1867,31.336249258512975
1868,32.76028587043541
1869,33.189546284088436
1870,31.85814657164776
1871,32.93418180620636
1872,33.06693490726932
1873,32.43510410408593
1874,32.46310458553258
1875,32.74801888275952
1876,32.87066904950982
1877,33.38118056765062
1878,29.41985714500319
1879,33.40193185260161
1880,34.23962621357085
1881,34.50556112247555
1882,34.407808936857144
1883,33.59656540115556
1884,33.7631480314175
1885,33.50879808090195
1886,34.181746801767005
1887,34.60788155048654
1888,34.763803723750485
1889,34.8878306621397
1890,33.59962324865647
1891,34.46009659005097
1892,47.56216277246381
1893,56.03506169732463
1894,64.66781966405561
1895,64.54854790491352
1896,65.09071844311268
1897,65.64201684671586
1898,58.098753129824324
1899,49.43029304474137
1900,43.96490782887398
1901,44.83225068061658
1902,44.15772326368006
1903,44.721650404226665
1904,43.237460690515796
1905,44.339772779738674
1906,45.33714579797955
1907,44.58493202119246
1908,45.143851243050165
1909,43.83713869647822
1910,44.37511379568852
1911,43.90546678276841
1912,45.07854818091032
1913,44.68229960803025
1914,44.294572233507814
1915,44.94664849872448
1916,52.25466093441004
1917,51.620038340367394
1918,43.76697139856703
1919,44.58478204836863
1920,44.03482954040182
1921,56.1592950610644
1922,56.111526102259745
1923,48.63508198271896
1924,49.655323300341884
1925,48.73814860478367
1926,46.35549484707045
1927,40.61168742343721
1928,39.93985446395538
1929,39.93469931392791
1930,44.93285218723378
1931,44.944526589585585
1932,45.58019596449519
1933,46.53743573383276
1934,46.60007313294883
1935,46.03334086118608
1936,46.092546643783805
1937,46.367794236591706
1938,56.963413185916735
1939,51.69327015052537
1940,53.59213445672281
1941,54.44935312297039
1942,53.41107212892367
1943,49.023085845253284
1944,49.7283199704199
1945,47.58780196426687
1946,48.85602918121174
1947,47.91784363181794
1948,52.57213611602093
1949,52.90123118193561
1950,52.351833131465305
1951,51.35168250404662
1952,49.776737321907945
1953,49.37494575958281
1954,50.3756415437347
1955,37.13645011515645
1956,36.000368230419454
1957,36.11856002717735
1958,45.81183570509985
1959,45.100363936040054
1960,44.78763717040489
1961,55.095277222656506
1962,54.79246498237603
1963,55.151857803250635
1964,46.72509879302294
1965,46.61304141026016
1966,43.99666440329383
1967,43.86482226882657
1968,50.59706723754579
1969,51.50380867995436
1970,61.13575522345304
1971,59.68064576223126
1972,61.30940582837295
1973,60.83387476345431
1974,61.227597997686935
1975,58.125754453738935
1976,43.801920370014585
1977,45.50592802991736
1978,44.86181714811852
1979,45.05947943599495
1980,45.69765629351171
1981,46.10411920322274
1982,45.070036394224296
1983,45.83160570271151
1984,44.03969352770237
1985,43.45289272931687
1986,35.12035833332662
1987,49.76305404545669
1988,49.270918522809744
1989,45.196933730910615
1990,44.780070836833985
1991,46.371323444495914
1992,45.70642426148373
1993,45.40979926734525
1994,48.42186877786663
1995,48.05196026368851
1996,53.42611333863935
1997,52.895770776421536
1998,42.831691981039576
1999,38.21673740920807
